	G001626695	G001304015	G001803105	G001535965	G001802865	G001536025	G001871325	G001442845	G001773425	G001458575	G001536085	G001536145	G001626655	G001775365	G001771055	G001804625	G001775405	G001626845	G001567545	G001804635	G001536045	G001536165	G002011685	G001508355	G000402795	G001626755	G001442935	G001304155	G001509335	G001536185	G001536065	G001899175	G001577215	G001485645	G000402755	G001804545	G001643615	G001873185	G001803165	G001773465	G000405805	G001576985	G001304315	G000402455	G001536105	G001536205	G000258405	G001304035	G001442925	G001626685	G001803365	G001626675	G001516025	G001872685	G001804665	G000403035	G001802215	G001802205	G001536125	G001802805	G001802785	G001886815	G001567175	G000478645	G001577025	G001802995	G001442855	G001535985	G001302725	G000279145	G001804565	G001803345	G000375825	G001302225	G001802895	G001485625	G001803075	G001804605	G001919105	G001802795	G001804555
G001626695	0.0	196.13461	196.74422	184.11984	192.69917	183.46204	190.83476	179.40138	185.18369	186.12202	183.77281	184.76245	11.278473	194.65723	176.73895	184.03954	183.84982	108.47387	182.4887	200.51315	187.86508	183.19841	163.55682	164.22505	137.79027	13.584234	183.8224	189.39915	167.42415	182.64725	179.79807	199.67249	159.2623	179.3847	137.15608	194.7848	176.28781	193.95134	197.06111	208.45558	146.29964	129.48094	191.77591	166.5496	185.47348	184.15138	183.1305	181.32503	180.96428	11.76959	197.80898	104.95709	187.13536	138.5601	198.85516	201.93188	188.00612	193.71419	183.69452	201.0289	195.63629	176.01823	209.54132	205.38829	106.40864	207.12761	175.51666	184.65024	192.87097	195.57094	202.82703	197.63583	122.74569	200.7706	206.95262	180.96428	198.82034	190.68709	189.21448	197.46013	187.81236
G001304015	196.13461	0.0	190.21706	185.36153	190.42603	175.03662	199.00137	173.08812	127.71968	178.35782	171.91403	185.22147	190.6975	137.19484	177.8602	181.36562	134.24489	200.36658	180.63718	191.51503	180.7105	180.01811	155.63228	195.36328	231.48543	193.81648	171.92949	128.64111	187.94206	183.7736	174.14194	185.25066	192.6857	173.03844	226.11761	186.51958	179.20375	182.02394	190.08115	150.25177	218.38173	213.54715	132.31401	197.67749	175.59299	171.20879	180.34149	194.77953	180.75943	188.41365	197.63028	197.93105	190.36623	179.16006	193.38239	161.90076	166.3566	187.01927	176.6364	191.7541	186.36691	170.61186	203.20357	165.0091	188.36223	207.89938	168.58347	181.00764	130.7764	189.95523	198.15338	190.38496	215.19008	190.65933	199.02557	180.75943	186.71773	175.94286	181.36693	190.25475	181.18747
G001803105	196.74422	190.21706	0.0	145.134	93.95473	145.07167	88.016594	139.3511	188.79855	146.47859	142.02766	142.98854	197.29907	195.09494	180.36345	144.9694	190.84792	206.34894	133.5163	7.4087796	149.50424	146.2528	164.43256	194.9553	231.15639	198.98268	142.04776	186.87213	195.22295	144.02196	138.74335	166.83296	198.5999	139.33621	229.30281	96.50439	185.49954	89.954704	0.717423	207.92961	222.31816	220.44138	189.80156	201.79181	139.0569	142.75594	84.670654	188.16618	141.6526	194.12933	11.439631	203.93135	65.01038	185.89601	2.238268	204.18254	148.22374	92.978485	142.69771	3.845902	96.24502	177.23233	178.48666	203.24948	200.38475	105.88508	135.36353	145.96487	192.98451	54.14214	175.44801	0.83893	209.08391	168.74158	98.89187	141.6526	96.12589	70.728226	147.69893	93.76637	144.913
G001535965	184.11984	185.36153	145.134	0.0	142.46928	9.251631	140.8206	22.002766	180.6506	8.431717	11.041857	4.6949368	187.59093	182.83322	173.02077	123.52081	173.48651	192.75056	134.03593	144.76495	15.671805	13.656233	150.25993	190.22707	221.29758	184.38052	11.066031	171.36409	191.18271	11.604145	26.30628	151.90912	194.24438	21.981844	222.1891	138.63443	174.1484	146.58875	144.23688	192.25787	210.99251	210.82956	176.32506	194.14948	22.538666	7.9772296	132.55469	177.72116	3.5094483	186.131	145.11125	190.72224	141.10458	165.17136	146.86098	190.72562	123.961365	137.5401	11.961188	147.57253	142.80537	169.17822	168.04205	196.40791	191.73889	151.77074	27.189991	6.5004497	177.90762	138.06259	162.95963	144.42899	195.61458	156.16933	153.98685	3.5094483	142.07343	135.39961	121.92418	137.87782	120.17288
G001802865	192.69917	190.42603	93.95473	142.46928	0.0	144.31894	72.041466	125.76224	185.28406	139.2103	138.02744	143.30629	194.22961	193.75908	171.46509	137.60432	191.64886	202.03407	123.11256	91.44794	141.76006	139.05798	155.31541	199.06851	228.87053	197.21855	138.01811	178.82379	195.13344	145.20036	137.60506	164.08604	191.0957	125.742966	231.35753	34.861965	182.6115	59.633816	95.64045	202.87967	207.46996	218.16173	184.00389	185.30762	128.32703	139.22395	56.717968	189.43016	141.4745	193.89397	92.37959	191.93382	86.23572	184.50461	96.867966	190.77914	144.57819	36.532146	138.88658	96.97089	57.20513	170.65726	174.93033	218.76416	194.48567	48.5989	133.73103	143.24812	187.59999	89.42099	180.77074	96.27404	208.6521	166.20653	73.46489	141.4745	38.11139	93.00238	145.42595	36.358498	137.35548
G001536025	183.46204	175.03662	145.07167	9.251631	144.31894	0.0	139.81985	20.899805	175.71144	6.789368	8.986795	8.374436	183.6896	183.5724	164.10542	118.041214	175.73497	192.19202	134.63722	148.66994	14.348581	13.779704	152.24127	188.84319	223.27472	186.11955	9.0049305	171.4319	187.95523	11.580368	25.973728	155.5162	191.3697	20.904026	219.45557	141.06606	163.73856	143.00389	145.92734	198.7469	209.33179	212.38853	179.31592	190.88626	23.2581	8.004593	135.61806	181.36115	4.834125	186.25616	144.10654	193.82068	138.52148	176.2975	144.0547	182.65208	116.16618	144.40646	13.097727	148.08734	143.63118	168.26135	170.69621	182.03943	191.22105	157.35863	27.333437	7.5815206	184.35193	141.51453	169.47984	146.43643	208.42307	154.63332	158.42136	4.834125	141.11214	140.93526	123.17643	143.97504	118.88044
G001871325	190.83476	199.00137	88.016594	140.8206	72.041466	139.81985	0.0	132.1216	185.39424	130.34505	136.78941	134.80037	191.39261	188.7723	169.967	133.96005	188.76451	198.03	130.8497	96.3625	137.47572	134.88733	159.05156	191.8617	214.43964	190.00096	136.81042	182.5995	187.81076	143.17618	133.0122	162.95653	181.95712	132.13258	215.19707	78.8799	167.06584	66.022644	89.66698	204.78067	238.1617	218.30806	170.76973	214.52528	132.33566	134.72968	66.398964	183.97032	137.55563	187.56584	81.89974	195.36111	85.273155	187.90594	90.63008	185.0384	141.32664	70.08655	142.76752	96.883835	81.88457	168.43517	171.93823	198.59653	196.25546	80.24734	125.09148	133.06664	183.72241	85.584465	166.85234	90.311905	190.58058	160.59952	80.53458	137.55563	68.80182	81.00486	145.8214	82.90817	137.34988
G001442845	179.40138	173.08812	139.3511	22.002766	125.76224	20.899805	132.1216	0.0	173.90819	19.369804	18.58254	20.05193	180.23962	182.27658	161.66058	113.64672	174.58955	185.66553	129.78325	141.7944	24.780058	21.445017	149.07182	182.34155	217.76117	179.44456	18.604044	170.04419	180.45685	20.886593	19.99421	149.77014	185.46553	0.00033617637	219.87737	136.47314	162.91278	134.43968	139.7255	188.40805	201.6806	203.20758	173.64122	186.34048	7.7623606	18.865343	131.19522	171.69185	18.727638	179.11945	139.51332	184.27542	137.31291	167.0584	139.49925	180.01187	119.44114	138.01962	21.00779	141.62776	137.87857	161.31976	157.88953	183.91394	183.35895	145.79326	21.285704	21.036438	174.19214	135.40486	155.14847	140.14601	195.10493	152.06458	145.4587	18.727638	135.98242	139.09099	115.41438	138.01668	111.88953
G001773425	185.18369	127.71968	188.79855	180.6506	185.28406	175.71144	185.39424	173.90819	0.0	175.8891	171.03227	178.66145	184.56194	67.24965	172.08794	173.37257	25.418213	198.73605	178.5682	194.34167	179.42888	178.91313	161.97797	192.75894	221.67264	194.61508	171.08694	92.11385	190.93382	177.2817	173.46324	188.95451	189.83711	173.86212	220.3751	182.1649	173.13596	178.38026	189.06998	83.76049	219.0156	210.36105	87.548065	188.66708	170.1291	172.55214	176.93697	190.92075	178.341	189.93085	193.17078	192.10782	186.40482	177.67014	188.31152	166.52614	178.15588	185.90189	173.74657	188.149	181.34958	173.7318	194.56331	166.15811	195.81352	204.85153	167.94612	178.1781	113.05885	184.81277	199.14462	189.38916	200.16237	192.722	189.23409	178.341	181.86	187.86642	179.02573	187.33685	173.74606
G001458575	186.12202	178.35782	146.47859	8.431717	139.2103	6.789368	130.34505	19.369804	175.8891	0.0	7.39229	4.776734	182.36267	178.21912	165.58109	118.052925	176.23741	190.71848	132.34702	146.45471	12.854911	12.151938	152.02359	186.53865	222.67314	185.65659	7.4135723	171.46606	183.98917	9.03659	24.379814	153.0326	189.68472	19.36735	222.06729	140.62485	168.40791	135.33727	147.34644	197.11787	209.3951	208.6967	176.74977	190.81345	21.042904	6.1369276	135.09091	184.7756	4.538231	187.55383	142.9893	188.49924	138.25502	177.86412	146.0884	179.55273	116.239815	142.20352	11.251907	149.78972	136.37462	162.17123	162.52788	186.84956	190.91675	152.38754	25.899282	6.2125587	176.6473	140.59282	159.23723	147.88054	203.56538	154.12625	145.78598	4.538231	140.31284	137.04543	119.7753	142.53767	117.967354
G001536085	183.77281	171.91403	142.02766	11.041857	138.02744	8.986795	136.78941	18.58254	171.03227	7.39229	0.0	6.78406	182.17134	182.02844	163.38263	116.11542	178.13425	191.75093	132.7303	144.33096	13.039571	11.375709	151.02682	183.93489	218.97305	187.95804	0.00025333962	174.01448	183.18987	8.556237	23.654871	154.65314	184.37186	18.585728	220.71558	137.71127	170.44748	136.77422	142.68758	193.80875	210.99046	205.49275	173.54282	183.68214	20.835533	6.321615	133.97214	175.0479	5.8748355	185.71129	143.23717	186.56628	139.45103	172.80573	143.6767	192.96184	119.980995	138.97473	10.11126	143.07338	145.42348	166.08502	160.29393	196.03044	189.05264	150.45592	24.552813	7.6252337	177.62822	137.70027	161.3837	143.18314	204.49188	156.22847	145.13416	5.8748355	139.15588	134.10144	118.77889	140.12943	115.02373
G001536145	184.76245	185.22147	142.98854	4.6949368	143.30629	8.374436	134.80037	20.05193	178.66145	4.776734	6.78406	0.0	184.93362	181.06628	168.36841	119.112076	180.04298	193.80884	134.2185	146.28125	15.152313	12.250925	149.40392	185.42873	225.21683	187.06255	6.8174596	172.24908	182.72185	9.654965	23.68284	152.75003	189.33318	20.037033	227.6151	141.10817	170.95529	140.47081	142.72379	195.32417	207.16714	208.49855	172.88904	187.43185	20.428503	6.2199416	133.34056	181.54428	2.0279136	186.91612	140.9618	191.72455	138.19444	170.75479	143.1032	189.2203	119.094696	141.6312	10.359191	146.68288	142.75516	166.0672	165.8153	183.46143	193.84737	153.83493	25.415405	5.058042	175.39465	138.88861	158.70601	143.11404	200.66533	155.29797	141.69315	2.0279136	141.47061	138.80708	118.502106	141.49791	116.9873
G001626655	11.278473	190.6975	197.29907	187.59093	194.22961	183.6896	191.39261	180.23962	184.56194	182.36267	182.17134	184.93362	0.0	199.30695	174.38387	185.63919	192.14636	108.58421	188.38155	200.53188	185.30138	185.27908	162.88622	164.45044	135.85521	12.643008	182.20506	189.57817	164.36702	181.11273	177.59018	202.06029	166.73146	180.21664	134.73497	191.83516	181.34445	187.91199	197.8533	216.25822	146.19162	125.431816	193.76605	164.16908	184.92032	183.66345	188.63708	187.14987	181.83415	8.816489	196.85481	104.112656	191.57974	144.34996	199.51468	200.6385	188.51816	191.03687	183.80728	203.04193	191.22128	175.12483	210.25089	202.50787	107.86657	203.77289	177.57176	183.96953	194.98439	193.62929	201.18655	198.55473	123.57591	201.67467	201.9748	181.83415	194.92285	192.86188	188.16621	194.32002	190.93564
G001775365	194.65723	137.19484	195.09494	182.83322	193.75908	183.5724	188.7723	182.27658	67.24965	178.21912	182.02844	181.06628	199.30695	0.0	176.86453	182.17336	68.33804	201.99704	184.01613	198.51929	183.11592	183.79944	166.35672	194.63908	232.9064	200.86174	182.09245	97.82635	194.76793	184.25009	178.2282	199.48666	202.90706	182.22755	232.9774	191.24223	189.59052	185.63272	193.57632	51.27909	223.55428	226.94878	98.15157	191.3028	178.30296	179.49538	185.22853	184.6351	182.3594	198.62494	200.02263	199.63664	187.02309	190.00876	194.3184	168.95287	188.3267	196.0408	179.99564	198.97595	193.25267	176.05672	204.63689	170.33043	200.92769	218.4644	174.56982	185.02777	118.77213	190.5857	208.05267	193.68135	216.17004	195.24623	194.2206	182.3594	194.19556	187.14407	185.03348	196.88974	181.70915
G001771055	176.73895	177.8602	180.36345	173.02077	171.46509	164.10542	169.967	161.66058	172.08794	165.58109	163.38263	168.36841	174.38387	176.86453	0.0	172.80455	167.5702	177.57669	163.74292	190.26569	170.16377	166.56555	127.11478	174.79533	218.64383	178.491	163.39008	175.48265	171.83641	165.69739	161.32698	177.24016	176.18515	161.62099	209.66898	179.31967	145.42577	180.20638	181.77881	183.73721	193.4218	192.21968	169.93094	172.56125	161.26051	162.942	174.00832	158.51355	165.30905	175.51994	177.30627	178.66403	167.23007	158.15532	178.86925	189.92583	169.76648	181.94415	168.22702	180.40752	174.3515	114.6772	195.39853	183.5003	184.70412	187.15762	162.95988	165.3443	175.78091	175.89954	195.16032	182.30281	185.01588	180.47018	171.19302	165.30905	182.74294	164.83147	171.70222	180.30743	171.69157
G001804625	184.03954	181.36562	144.9694	123.52081	137.60432	118.041214	133.96005	113.64672	173.37257	118.052925	116.11542	119.112076	185.63919	182.17336	172.80455	0.0	178.4799	191.81276	133.59752	149.72534	120.17962	120.09842	154.00267	187.43857	227.17348	188.80977	116.13085	164.56087	185.14644	118.66837	112.97926	152.96172	188.79158	113.60756	220.0953	140.83327	173.51297	141.88142	146.42317	195.66164	213.5484	210.19826	182.56352	189.9718	117.425026	114.68725	136.10713	172.25172	117.65251	188.04974	144.08502	193.83481	141.75652	178.80373	144.98572	193.46631	68.99606	145.60838	116.80387	148.60162	141.37868	165.3701	168.40776	194.00713	188.13673	152.9011	110.00893	119.083664	181.01457	141.12968	162.52985	146.85822	199.02124	156.70232	153.1817	117.65251	145.31253	140.70102	101.66299	147.42548	4.1878448
G001775405	183.84982	134.24489	190.84792	173.48651	191.64886	175.73497	188.76451	174.58955	25.418213	176.23741	178.13425	180.04298	192.14636	68.33804	167.5702	178.4799	0.0	196.99164	175.66895	189.22112	182.27055	176.20645	152.58694	187.09709	233.07841	191.23817	178.17203	88.44776	191.13565	176.49384	169.77515	183.87619	192.70972	174.51393	227.42958	182.08916	171.39267	186.71909	192.26006	78.32448	207.88931	224.35542	95.290764	197.88838	174.65904	170.51958	170.38097	178.78401	177.3613	196.50851	189.60776	190.14552	180.46529	179.7174	191.644	151.61104	182.2894	187.90099	179.67311	184.37532	191.23532	168.54077	202.13394	168.67392	196.11641	194.46408	162.46204	179.84718	109.21751	183.08958	193.16513	192.32568	203.49231	188.38245	206.83087	177.3613	185.52173	177.13875	182.05197	188.9526	178.23045
G001626845	108.47387	200.36658	206.34894	192.75056	202.03407	192.19202	198.03	185.66553	198.73605	190.71848	191.75093	193.80884	108.58421	201.99704	177.57669	191.81276	196.99164	0.0	191.47997	204.15231	197.7996	195.06815	166.63724	176.25687	127.42549	110.51781	191.82724	195.50041	168.9975	195.22298	187.87267	209.56448	176.53995	185.66727	125.62472	204.51785	180.13382	202.93198	207.38484	219.37645	150.27264	32.317352	196.53888	176.12	192.44537	191.97209	194.40048	195.3909	187.02066	113.6238	201.42368	10.121162	193.20644	142.107	205.01192	209.1433	196.4268	205.0289	195.10347	212.30139	201.28964	179.48343	222.20547	207.53465	11.428959	212.82556	185.71964	193.88962	202.20387	198.72733	210.17564	208.28387	87.447014	207.77165	213.67929	187.02066	207.60283	199.36537	197.3075	207.96875	196.95303
G001567545	182.4887	180.63718	133.5163	134.03593	123.11256	134.63722	130.8497	129.78325	178.5682	132.34702	132.7303	134.2185	188.38155	184.01613	163.74292	133.59752	175.66895	191.47997	0.0	139.57993	141.16211	135.66505	156.85483	188.89087	219.5734	187.99545	132.77353	175.20023	185.89464	132.70958	133.01581	158.40736	188.8403	129.77632	223.76636	129.35014	178.8007	122.48139	134.97673	203.16876	211.14902	209.00269	176.33046	193.83531	130.72458	132.78972	121.04499	166.06079	132.11687	190.775	128.13065	191.08864	129.68484	177.42561	129.71469	193.01918	138.70099	130.68266	137.50343	133.99583	131.00157	167.86978	163.06126	193.09221	189.89375	139.92935	122.22081	137.29309	179.22661	127.00973	160.02655	135.48172	206.59724	161.25829	131.48604	132.11687	128.0954	128.1939	137.05502	131.73753	135.06793
G001804635	200.51315	191.51503	7.4087796	144.76495	91.44794	148.66994	96.3625	141.7944	194.34167	146.45471	144.33096	146.28125	200.53188	198.51929	190.26569	149.72534	189.22112	204.15231	139.57993	0.0	153.15085	147.3506	164.8406	200.31836	233.0306	199.59517	144.34708	183.7702	202.63078	145.18086	139.4368	170.72755	202.4963	141.76768	232.91101	95.64741	187.69698	94.22736	8.930838	217.03549	229.809	219.04858	196.74374	208.1798	144.66771	146.10027	93.3852	191.51321	144.62668	199.24854	14.8900795	199.04254	70.03865	185.6644	11.444793	202.84007	153.58331	92.292076	142.52492	11.011056	95.799774	184.57243	186.86757	217.37332	197.08234	106.70701	138.6998	150.74411	193.94392	56.435402	174.27682	9.052532	214.0318	170.83543	107.28907	144.62668	97.63557	76.92718	151.7441	92.365074	148.8119
G001536045	187.86508	180.7105	149.50424	15.671805	141.76006	14.348581	137.47572	24.780058	179.42888	12.854911	13.039571	15.152313	185.30138	183.11592	170.16377	120.17962	182.27055	197.7996	141.16211	153.15085	0.0	17.5357	159.22647	188.87218	224.2251	190.67067	13.027667	178.3335	190.8199	14.957909	29.373404	159.24538	197.75774	24.800129	220.92535	142.96313	170.8212	134.2101	150.6338	203.63528	218.01703	223.67744	179.34373	184.45227	25.515348	13.256091	131.36147	167.23616	13.104589	187.44734	149.04552	194.78943	148.53914	179.66753	152.55069	199.55884	121.61603	147.3619	15.952823	148.37418	145.77904	168.27249	168.49554	210.5737	192.37512	156.73778	30.91676	14.531012	190.70921	146.00609	171.73291	151.05646	203.43701	164.60716	155.52074	13.104589	150.6472	136.65355	122.869675	149.90967	123.158676
G001536165	183.19841	180.01811	146.2528	13.656233	139.05798	13.779704	134.88733	21.445017	178.91313	12.151938	11.375709	12.250925	185.27908	183.79944	166.56555	120.09842	176.20645	195.06815	135.66505	147.3506	17.5357	0.0	157.61592	186.04185	222.38423	186.91696	11.390707	171.73987	186.15233	13.489611	26.11279	155.1479	192.31909	21.44693	220.82211	140.61212	168.49777	143.00983	146.35136	195.05759	207.21727	215.03766	174.04143	193.43724	22.74805	11.37908	135.87482	176.58331	11.328413	186.10632	146.13916	190.2024	141.97357	176.59436	146.08267	185.5908	118.997215	141.5324	12.695514	148.38599	144.59518	167.51173	162.99686	193.42714	192.07892	154.58655	27.436049	12.898517	179.52753	141.87575	161.9112	146.69177	203.05225	157.46997	157.27563	11.328413	143.02606	138.4733	121.32594	143.25967	117.95424
G002011685	163.55682	155.63228	164.43256	150.25993	155.31541	152.24127	159.05156	149.07182	161.97797	152.02359	151.02682	149.40392	162.88622	166.35672	127.11478	154.00267	152.58694	166.63724	156.85483	164.8406	159.22647	157.61592	0.0	161.68079	193.37466	165.08401	151.04715	157.74434	159.79408	155.9004	144.24847	169.10591	163.134	149.00409	198.27936	161.86264	117.68996	167.17465	165.5287	179.02072	182.6912	190.06744	156.47942	164.51834	150.51106	154.5175	158.22075	143.15933	149.00609	166.76768	162.51736	166.89597	157.99031	153.97423	167.167	168.59666	158.92746	160.48169	153.4236	167.63423	165.77571	126.77906	175.09238	176.96762	166.29744	174.03014	149.85362	152.22307	163.59334	161.75085	170.61725	165.9875	178.02354	169.40729	167.74055	149.00609	165.46654	158.17107	158.02559	161.91063	151.27318
G001508355	164.22505	195.36328	194.9553	190.22707	199.06851	188.84319	191.8617	182.34155	192.75894	186.53865	183.93489	185.42873	164.45044	194.63908	174.79533	187.43857	187.09709	176.25687	188.89087	200.31836	188.87218	186.04185	161.68079	0.0	204.76831	170.29175	183.95573	190.79211	6.222506	182.6799	183.38649	199.21559	101.85472	182.33527	202.24226	193.1206	188.00072	192.78873	195.88416	214.53032	193.27835	199.38072	189.33249	159.47891	180.23547	182.8919	188.07277	181.14452	186.01625	166.16653	201.8674	169.22903	190.8735	155.05315	195.98491	199.96036	191.94968	195.8185	181.81828	194.87859	198.98988	176.16702	211.33792	214.79292	173.40182	212.04036	174.67226	186.37311	194.59592	193.36134	204.35043	196.42216	179.45337	202.83528	214.37706	186.01625	201.17888	197.51328	189.16144	199.4608	188.90111
G000402795	137.79027	231.48543	231.15639	221.29758	228.87053	223.27472	214.43964	217.76117	221.67264	222.67314	218.97305	225.21683	135.85521	232.9064	218.64383	227.17348	233.07841	127.42549	219.5734	233.0306	224.2251	222.38423	193.37466	204.76831	0.0	140.5937	219.02151	230.18985	202.5646	219.3919	215.71468	233.82133	203.85625	217.74692	15.180774	229.43707	213.12259	241.13318	230.22565	245.65417	175.28807	137.55656	224.94344	206.27116	221.98288	221.62346	223.49988	220.99074	220.50616	134.53621	233.68582	124.7117	232.33641	170.41522	237.68665	237.63818	235.69164	224.45874	226.1052	241.9571	221.42815	210.23122	247.97914	247.01909	129.94975	246.51631	213.3241	216.24866	228.778	230.00563	236.92535	230.90146	133.47429	237.67291	224.94023	220.50616	233.5254	233.2188	229.5335	236.34344	231.5482
G001626755	13.584234	193.81648	198.98268	184.38052	197.21855	186.11955	190.00096	179.44456	194.61508	185.65659	187.95804	187.06255	12.643008	200.86174	178.491	188.80977	191.23817	110.51781	187.99545	199.59517	190.67067	186.91696	165.08401	170.29175	140.5937	0.0	187.99574	186.12045	172.7131	186.30801	181.54022	203.30298	169.91003	179.4135	136.92285	194.9788	180.60895	201.32011	199.04163	211.16847	150.82126	130.96634	195.20888	172.25304	186.00845	187.5002	191.25542	188.94783	182.97505	12.835998	197.48827	109.2491	191.86719	144.38322	200.9162	201.24316	192.78822	191.98239	186.49976	205.8838	198.92139	175.19188	211.45995	209.92969	111.321945	210.40178	178.19583	185.93364	197.12375	196.906	199.534	199.6129	117.580666	204.54466	212.00966	182.97505	198.23605	193.56064	188.51077	196.30049	193.18756
G001442935	183.8224	171.92949	142.04776	11.066031	138.01811	9.0049305	136.81042	18.604044	171.08694	7.4135723	0.00025333962	6.8174596	182.20506	182.09245	163.39008	116.13085	178.17203	191.82724	132.77353	144.34708	13.027667	11.390707	151.04715	183.95573	219.02151	187.99574	0.0	174.04095	183.22829	8.550459	23.680143	154.68243	184.40868	18.60729	220.74466	137.70099	170.43637	136.76826	142.71277	193.85005	210.9949	205.56702	173.58246	183.68036	20.8583	6.3316445	133.97385	174.97794	5.897823	185.74538	143.27094	186.61678	139.48682	172.85405	143.71678	193.05774	120.008804	138.96698	10.12315	143.0662	145.46594	166.0721	160.31308	196.1942	189.09807	150.43552	24.578665	7.6359453	177.6506	137.74135	161.3963	143.20836	204.5227	156.25717	145.19626	5.897823	139.185	134.08932	118.796585	140.13564	115.052986
G001304155	189.39915	128.64111	186.87213	171.36409	178.82379	171.4319	182.5995	170.04419	92.11385	171.46606	174.01448	172.24908	189.57817	97.82635	175.48265	164.56087	88.44776	195.50041	175.20023	183.7702	178.3335	171.73987	157.74434	190.79211	230.18985	186.12045	174.04095	0.0	181.58348	173.10248	164.5087	183.6961	187.97595	169.96988	223.3586	182.65103	171.50656	184.69487	189.09235	107.289246	208.76501	203.84059	68.8898	180.08841	172.29755	171.63737	180.14813	181.29315	172.02109	188.63478	183.036	195.20563	177.00414	176.02097	187.12228	163.63951	184.0968	186.41821	174.402	188.86575	185.19028	165.92438	202.79645	158.93369	194.95773	186.3047	165.27892	174.35641	108.66244	183.54651	192.1009	189.53581	208.21985	184.11052	191.6865	172.02109	181.61789	183.4579	185.80254	188.82932	172.64903
G001509335	167.42415	187.94206	195.22295	191.18271	195.13344	187.95523	187.81076	180.45685	190.93382	183.98917	183.18987	182.72185	164.36702	194.76793	171.83641	185.14644	191.13565	168.9975	185.89464	202.63078	190.8199	186.15233	159.79408	6.222506	202.5646	172.7131	183.22829	181.58348	0.0	184.17813	180.49313	196.28801	102.2188	180.44725	200.18207	187.88887	168.37195	184.58119	196.84796	205.78525	186.49605	181.01515	187.9809	151.74763	180.00089	182.46782	185.79263	188.18275	184.39734	165.48238	197.42987	163.63599	190.63394	153.91095	194.91325	202.69672	178.89346	191.00067	182.64752	197.14755	192.16582	173.47636	206.8191	198.62042	168.50874	202.03749	171.16354	184.27089	192.3586	192.00658	198.48492	197.61949	178.47998	199.35846	196.62198	184.39734	191.25046	202.43614	188.8814	194.4154	189.48372
G001536185	182.64725	183.7736	144.02196	11.604145	145.20036	11.580368	143.17618	20.886593	177.2817	9.03659	8.556237	9.654965	181.11273	184.25009	165.69739	118.66837	176.49384	195.22298	132.70958	145.18086	14.957909	13.489611	155.9004	182.6799	219.3919	186.30801	8.550459	173.10248	184.17813	0.0	25.605722	157.05238	190.7968	20.883083	220.98807	143.59789	170.18867	139.61592	144.28911	201.47462	199.45587	211.73103	176.67429	191.09511	22.583818	8.300882	132.31908	177.01047	7.7547317	184.50214	146.53558	191.05104	139.79366	171.87862	144.83325	192.17903	125.27163	145.50024	12.493269	143.83153	144.00525	167.40561	164.91121	197.304	190.90813	157.30074	27.156101	10.169167	174.77327	138.91997	165.11903	144.63184	198.24004	159.98743	151.6014	7.7547317	147.9839	138.91898	123.344696	145.2417	117.40913
G001536065	179.79807	174.14194	138.74335	26.30628	137.60506	25.973728	133.0122	19.99421	173.46324	24.379814	23.654871	23.68284	177.59018	178.2282	161.32698	112.97926	169.77515	187.87267	133.01581	139.4368	29.373404	26.11279	144.24847	183.38649	215.71468	181.54022	23.680143	164.5087	180.49313	25.605722	0.0	147.72876	182.24055	19.985647	210.90211	136.19846	168.16577	132.99588	139.1566	192.3428	211.18405	200.81793	178.35101	184.29181	20.931461	23.654543	125.19033	163.2989	23.490757	178.95589	135.12306	183.20485	135.16368	168.26767	141.22896	189.27846	113.748245	136.24536	24.888763	141.58018	138.68112	159.33914	163.2632	187.20403	183.89684	142.31749	21.330381	24.763441	175.27095	134.6594	154.72429	139.54272	203.36513	149.96216	137.75719	23.490757	135.74538	134.32767	117.02355	137.58958	112.15495
G001899175	199.67249	185.25066	166.83296	151.90912	164.08604	155.5162	162.95653	149.77014	188.95451	153.0326	154.65314	152.75003	202.06029	199.48666	177.24016	152.96172	183.87619	209.56448	158.40736	170.72755	159.24538	155.1479	169.10591	199.21559	233.82133	203.30298	154.68243	183.6961	196.28801	157.05238	147.72876	0.0	199.9542	149.71188	235.78377	161.69717	181.36319	160.58842	167.51277	209.14488	223.84756	220.97032	188.16765	198.26474	152.4401	156.4508	156.22144	190.27406	151.97714	201.08434	165.53987	204.49742	160.43744	190.61319	166.89807	197.75444	159.76741	162.84808	156.85411	169.76363	164.81966	181.12517	64.35274	204.28514	205.9215	175.81892	147.10408	153.01555	191.51263	161.05408	130.24242	167.97728	218.0165	97.525	169.97165	151.97714	161.76811	160.44423	158.16266	164.69142	152.01218
G001577215	159.2623	192.6857	198.5999	194.24438	191.0957	191.3697	181.95712	185.46553	189.83711	189.68472	184.37186	189.33318	166.73146	202.90706	176.18515	188.79158	192.70972	176.53995	188.8403	202.4963	197.75774	192.31909	163.134	101.85472	203.85625	169.91003	184.40868	187.97595	102.2188	190.7968	182.24055	199.9542	0.0	185.45824	199.59207	190.75291	183.95879	187.82458	198.96594	212.1695	187.73718	186.44043	196.0812	158.30125	186.52043	186.59314	189.81233	191.69687	187.809	166.4294	205.59299	171.3707	194.54102	152.80225	198.47871	208.27638	190.34653	193.68004	185.2199	199.88962	203.49295	173.34665	213.98883	203.85626	168.42352	217.33282	183.52242	192.35423	193.67177	194.87418	195.802	199.5938	179.68382	198.56984	217.74191	187.809	198.1129	188.41776	194.6946	200.05074	192.09898
G001485645	179.3847	173.03844	139.33621	21.981844	125.742966	20.904026	132.13258	0.00033617637	173.86212	19.36735	18.585728	20.037033	180.21664	182.22755	161.62099	113.60756	174.51393	185.66727	129.77632	141.76768	24.800129	21.44693	149.00409	182.33527	217.74692	179.4135	18.60729	169.96988	180.44725	20.883083	19.985647	149.71188	185.45824	0.0	219.86388	136.4327	162.88875	134.42337	139.70906	188.33661	201.60655	203.21095	173.59663	186.34723	7.7702184	18.854107	131.15788	171.68036	18.717983	179.10194	139.49593	184.2785	137.29822	167.01942	139.48639	179.95908	119.41348	137.98254	21.011877	141.61108	137.82921	161.28946	157.86716	183.8499	183.3778	145.73752	21.282866	21.035542	174.11829	135.37334	155.10254	140.12901	195.10309	152.01892	145.42078	18.717983	135.94348	139.07819	115.34915	137.96678	111.83764
G000402755	137.15608	226.11761	229.30281	222.1891	231.35753	219.45557	215.19707	219.87737	220.3751	222.06729	220.71558	227.6151	134.73497	232.9774	209.66898	220.0953	227.42958	125.62472	223.76636	232.91101	220.92535	220.82211	198.27936	202.24226	15.180774	136.92285	220.74466	223.3586	200.18207	220.98807	210.90211	235.78377	199.59207	219.86388	0.0	230.27933	212.33014	241.91727	229.26859	241.29854	172.1461	139.33484	228.43373	194.68983	222.05174	221.24556	221.25526	208.86227	220.90407	132.59064	230.64043	122.954475	225.00114	174.14424	235.94757	232.1842	223.96516	225.28207	227.2255	237.19788	224.57968	208.21173	249.14177	248.1403	127.23295	242.59215	213.59259	215.11278	231.77313	226.00838	248.26337	229.98428	135.6146	237.95016	238.74025	220.90407	235.6349	224.41287	227.51622	238.18939	227.53809
G001804545	194.7848	186.51958	96.50439	138.63443	34.861965	141.06606	78.8799	136.47314	182.1649	140.62485	137.71127	141.10817	191.83516	191.24223	179.31967	140.83327	182.08916	204.51785	129.35014	95.64741	142.96313	140.61212	161.86264	193.1206	229.43707	194.9788	137.70099	182.65103	187.88887	143.59789	136.19846	161.69717	190.75291	136.4327	230.27933	0.0	178.3628	55.856342	96.31782	200.03879	210.49284	220.1861	187.51186	191.76582	139.82904	138.6096	60.566723	170.05548	137.75586	192.07416	97.440956	196.37805	91.36219	177.94772	100.227486	203.27904	141.81311	5.343987	137.94147	100.01601	60.43086	169.39702	173.123	198.92236	198.08516	30.833372	132.41046	141.6664	190.42516	89.99288	168.43951	96.76287	204.15009	163.1956	79.20865	137.75586	8.443106	92.37286	143.87521	4.09682	139.6458
G001643615	176.28781	179.20375	185.49954	174.1484	182.6115	163.73856	167.06584	162.91278	173.13596	168.40791	170.44748	170.95529	181.34445	189.59052	145.42577	173.51297	171.39267	180.13382	178.8007	187.69698	170.8212	168.49777	117.68996	188.00072	213.12259	180.60895	170.43637	171.50656	168.37195	170.18867	168.16577	181.36319	183.95879	162.88875	212.33014	178.3628	0.0	173.23314	190.15463	186.96375	199.14359	184.12274	174.46901	173.38626	179.8686	175.58957	173.55478	148.10258	166.53525	177.4587	170.55681	189.9468	183.8511	164.78381	185.02141	202.88106	153.7227	182.67998	173.74771	188.64244	168.74857	142.78452	196.49849	177.44562	177.68867	192.80925	158.35225	168.69028	177.66338	175.5343	175.2307	191.18542	208.52376	190.79802	187.80563	166.53525	176.7409	194.20183	166.82088	187.07504	181.83351
G001873185	193.95134	182.02394	89.954704	146.58875	59.633816	143.00389	66.022644	134.43968	178.38026	135.33727	136.77422	140.47081	187.91199	185.63272	180.20638	141.88142	186.71909	202.93198	122.48139	94.22736	134.2101	143.00983	167.17465	192.78873	241.13318	201.32011	136.76826	184.69487	184.58119	139.61592	132.99588	160.58842	187.82458	134.42337	241.91727	55.856342	173.23314	0.0	91.25468	211.74078	196.54352	222.62991	192.82185	194.99974	132.02081	135.61014	57.609657	150.3341	141.74927	189.20598	92.88822	192.9537	85.047646	187.41998	94.56907	212.57542	146.67741	57.736923	134.4077	91.842026	59.14336	169.90855	167.6225	198.66339	193.43846	70.72827	132.45854	140.54312	185.84003	85.4654	181.55424	91.89954	215.24127	162.88098	69.37933	141.74927	65.185265	93.98829	144.80342	59.182175	144.01926
G001803165	197.06111	190.08115	0.717423	144.23688	95.64045	145.92734	89.66698	139.7255	189.06998	147.34644	142.68758	142.72379	197.8533	193.57632	181.77881	146.42317	192.26006	207.38484	134.97673	8.930838	150.6338	146.35136	165.5287	195.88416	230.22565	199.04163	142.71277	189.09235	196.84796	144.28911	139.1566	167.51277	198.96594	139.70906	229.26859	96.31782	190.15463	91.25468	0.0	207.19992	222.53621	220.15909	188.3774	205.46689	137.67245	143.2405	84.9818	184.98227	141.59888	192.76756	15.597635	204.8081	65.30867	183.52695	2.8036675	202.03404	150.84389	90.681946	141.21675	5.921434	96.1025	177.29628	179.00125	198.86588	200.49681	109.69037	135.23859	145.12979	193.00508	54.367256	174.9979	0.011864492	204.48724	169.76865	97.89241	141.59888	96.2595	70.20113	147.82924	91.832794	144.31812
G001773465	208.45558	150.25177	207.92961	192.25787	202.87967	198.7469	204.78067	188.40805	83.76049	197.11787	193.80875	195.32417	216.25822	51.27909	183.73721	195.66164	78.32448	219.37645	203.16876	217.03549	203.63528	195.05759	179.02072	214.53032	245.65417	211.16847	193.85005	107.289246	205.78525	201.47462	192.3428	209.14488	212.1695	188.33661	241.29854	200.03879	186.96375	211.74078	207.19992	0.0	226.44165	223.73672	112.44605	225.21603	189.83559	192.35345	200.54733	200.86978	193.69417	208.86125	212.61559	215.27634	207.46426	196.62752	208.48737	186.08832	192.41286	200.1174	201.35942	209.44168	215.25043	189.62347	212.16786	181.23538	219.33298	206.11095	184.6561	191.22353	128.49081	201.55571	206.14394	207.36708	229.49113	216.69481	219.26889	193.69417	196.76265	200.07631	197.18909	204.9121	198.22343
G000405805	146.29964	218.38173	222.31816	210.99251	207.46996	209.33179	238.1617	201.6806	219.0156	209.3951	210.99046	207.16714	146.19162	223.55428	193.4218	213.5484	207.88931	150.27264	211.14902	229.809	218.01703	207.21727	182.6912	193.27835	175.28807	150.82126	210.9949	208.76501	186.49605	199.45587	211.18405	223.84756	187.73718	201.60655	172.1461	210.49284	199.14359	196.54352	222.53621	226.44165	0.0	180.09966	208.81602	190.13135	200.90881	205.88356	206.26282	213.78131	202.76118	153.92903	220.12593	147.80856	205.1688	161.0627	217.90862	231.13521	213.34117	220.67804	216.33736	216.66594	224.62762	195.71721	233.23618	208.72646	149.61388	222.7338	197.01216	212.42934	218.90373	215.73965	219.81209	222.92854	148.78555	225.76389	225.81169	202.76118	228.74434	218.98587	218.20168	214.67058	213.23587
G001576985	129.48094	213.54715	220.44138	210.82956	218.16173	212.38853	218.30806	203.20758	210.36105	208.6967	205.49275	208.49855	125.431816	226.94878	192.21968	210.19826	224.35542	32.317352	209.00269	219.04858	223.67744	215.03766	190.06744	199.38072	137.55656	130.96634	205.56702	203.84059	181.01515	211.73103	200.81793	220.97032	186.44043	203.21095	139.33484	220.1861	184.12274	222.62991	220.15909	223.73672	180.09966	0.0	222.6115	191.05093	210.80745	209.68718	217.53716	217.02579	202.65248	126.7963	220.15842	28.134914	214.16124	167.39658	220.44128	233.42876	223.47658	211.71432	206.8369	231.93256	226.7031	195.34583	226.6866	204.32582	26.187536	223.22772	200.54227	202.05937	218.8541	220.12782	225.66977	221.29237	101.401054	225.09572	212.81593	202.65248	216.9183	226.80138	217.44017	221.15158	216.88614
G001304315	191.77591	132.31401	189.80156	176.32506	184.00389	179.31592	170.76973	173.64122	87.548065	176.74977	173.54282	172.88904	193.76605	98.15157	169.93094	182.56352	95.290764	196.53888	176.33046	196.74374	179.34373	174.04143	156.47942	189.33249	224.94344	195.20888	173.58246	68.8898	187.9809	176.67429	178.35101	188.16765	196.0812	173.59663	228.43373	187.51186	174.46901	192.82185	188.3774	112.44605	208.81602	222.6115	0.0	195.39589	170.13516	179.62653	181.35957	177.45474	175.32709	191.03075	192.65944	196.50378	180.70544	175.26706	188.35493	161.24855	177.63927	185.82887	180.44104	192.92902	191.24907	171.40613	197.284	165.96646	194.14557	211.51106	164.8152	176.01978	110.40819	183.20735	197.64278	188.53806	201.06635	193.85957	191.87265	175.32709	184.41795	176.69757	174.78099	189.50339	180.48041
G000402455	166.5496	197.67749	201.79181	194.14948	185.30762	190.88626	214.52528	186.34048	188.66708	190.81345	183.68214	187.43185	164.16908	191.3028	172.56125	189.9718	197.88838	176.12	193.83531	208.1798	184.45227	193.43724	164.51834	159.47891	206.27116	172.25304	183.68036	180.08841	151.74763	191.09511	184.29181	198.26474	158.30125	186.34723	194.68983	191.76582	173.38626	194.99974	205.46689	225.21603	190.13135	191.05093	195.39589	0.0	184.16048	188.23573	184.83957	180.1124	188.548	166.70279	189.26082	170.71689	191.6083	155.91153	204.89937	203.75153	185.97537	204.33841	188.49057	195.26865	225.10707	177.30098	203.35402	208.33075	172.16373	210.083	184.40388	193.71886	192.79482	195.47633	209.41336	206.31529	178.48659	204.99045	186.68666	188.548	200.44302	184.73813	193.48778	205.27994	195.49413
G001536105	185.47348	175.59299	139.0569	22.538666	128.32703	23.2581	132.33566	7.7623606	170.1291	21.042904	20.835533	20.428503	184.92032	178.30296	161.26051	117.425026	174.65904	192.44537	130.72458	144.66771	25.515348	22.74805	150.51106	180.23547	221.98288	186.00845	20.8583	172.29755	180.00089	22.583818	20.931461	152.4401	186.52043	7.7702184	222.05174	139.82904	179.8686	132.02081	137.67245	189.83559	200.90881	210.80745	170.13516	184.16048	0.0	20.341736	132.20518	167.13284	20.141146	181.91145	145.1282	189.2815	134.4335	169.26056	139.95673	183.32396	117.19163	137.70082	20.708881	141.41441	142.03519	164.37144	159.7012	185.30818	188.01183	153.6445	22.588854	20.503426	174.42049	134.51852	165.88553	137.91788	186.95937	157.7017	140.3006	20.141146	141.54204	132.18896	114.7827	138.75749	114.10443
G001536205	184.15138	171.20879	142.75594	7.9772296	139.22395	8.004593	134.72968	18.865343	172.55214	6.1369276	6.321615	6.2199416	183.66345	179.49538	162.942	114.68725	170.51958	191.97209	132.78972	146.10027	13.256091	11.37908	154.5175	182.8919	221.62346	187.5002	6.3316445	171.63737	182.46782	8.300882	23.654543	156.4508	186.59314	18.854107	221.24556	138.6096	175.58957	135.61014	143.2405	192.35345	205.88356	209.68718	179.62653	188.23573	20.341736	0.0	128.46564	181.89397	5.077366	186.04967	143.40242	187.79991	139.76643	176.00668	144.68834	182.68155	116.44948	140.20776	10.796249	142.75621	141.931	161.47119	168.25203	187.90802	190.92769	145.67091	25.219797	6.7363753	175.64462	138.14597	168.93433	143.57382	197.77121	155.19257	144.3819	5.077366	140.68445	130.88737	118.69135	140.98705	113.80515
G000258405	183.1305	180.34149	84.670654	132.55469	56.717968	135.61806	66.398964	131.19522	176.93697	135.09091	133.97214	133.34056	188.63708	185.22853	174.00832	136.10713	170.38097	194.40048	121.04499	93.3852	131.36147	135.87482	158.22075	188.07277	223.49988	191.25542	133.97385	180.14813	185.79263	132.31908	125.19033	156.22144	189.81233	131.15788	221.25526	60.566723	173.55478	57.609657	84.9818	200.54733	206.26282	217.53716	181.35957	184.83957	132.20518	128.46564	0.0	179.95023	132.01883	184.45123	86.51156	188.04117	82.42006	165.53052	89.052315	186.91528	140.76414	59.569107	137.93024	84.66827	64.99926	166.3717	167.8115	190.21486	186.32996	72.16178	126.63837	131.65791	180.61606	81.95922	154.13234	85.261635	198.95045	158.7993	53.885494	132.01883	63.395454	81.79208	134.47836	63.48957	134.556
G001304035	181.32503	194.77953	188.16618	177.72116	189.43016	181.36115	183.97032	171.69185	190.92075	184.7756	175.0479	181.54428	187.14987	184.6351	158.51355	172.25172	178.78401	195.3909	166.06079	191.51321	167.23616	176.58331	143.15933	181.14452	220.99074	188.94783	174.97794	181.29315	188.18275	177.01047	163.2989	190.27406	191.69687	171.68036	208.86227	170.05548	148.10258	150.3341	184.98227	200.86978	213.78131	217.02579	177.45474	180.1124	167.13284	181.89397	179.95023	0.0	177.52663	180.63608	199.83846	189.69876	178.57489	173.30098	197.16965	183.65146	195.51282	166.73097	169.03502	183.51294	200.18001	156.0519	203.25117	180.84566	180.86111	193.67882	166.71407	170.4929	182.50638	187.32481	182.67519	185.0004	193.70013	188.64084	218.18793	177.52663	193.05063	165.36966	182.8062	179.73483	173.1109
G001442925	180.96428	180.75943	141.6526	3.5094483	141.4745	4.834125	137.55563	18.727638	178.341	4.538231	5.8748355	2.0279136	181.83415	182.3594	165.30905	117.65251	177.3613	187.02066	132.11687	144.62668	13.104589	11.328413	149.00609	186.01625	220.50616	182.97505	5.897823	172.02109	184.39734	7.7547317	23.490757	151.97714	187.809	18.717983	220.90407	137.75586	166.53525	141.74927	141.59888	193.69417	202.76118	202.65248	175.32709	188.548	20.141146	5.077366	132.01883	177.52663	0.0	183.51585	140.98593	187.16673	136.79387	169.1557	141.21873	188.68922	119.32025	139.08882	10.375983	144.60793	142.64621	165.63014	165.22571	184.31236	186.68791	151.3532	24.573761	3.6224287	176.47305	138.30244	163.51842	142.00673	197.30005	155.08737	148.92369	0.0	138.93098	138.41988	118.68545	139.00035	116.34455
G001626685	11.76959	188.41365	194.12933	186.131	193.89397	186.25616	187.56584	179.11945	189.93085	187.55383	185.71129	186.91612	8.816489	198.62494	175.51994	188.04974	196.50851	113.6238	190.775	199.24854	187.44734	186.10632	166.76768	166.16653	134.53621	12.835998	185.74538	188.63478	165.48238	184.50214	178.95589	201.08434	166.4294	179.10194	132.59064	192.07416	177.4587	189.20598	192.76756	208.86125	153.92903	126.7963	191.03075	166.70279	181.91145	186.04967	184.45123	180.63608	183.51585	0.0	200.15448	109.76468	192.02269	136.97961	198.51067	207.6832	185.68715	185.09946	183.45503	201.38818	195.14943	175.8838	210.7899	205.19092	109.2895	207.37914	174.07983	183.3238	191.83504	192.7493	210.63751	193.25047	110.88571	203.62306	195.39133	183.51585	196.01431	189.16241	194.1488	191.82121	191.14201
G001803365	197.80898	197.63028	11.439631	145.11125	92.37959	144.10654	81.89974	139.51332	193.17078	142.9893	143.23717	140.9618	196.85481	200.02263	177.30627	144.08502	189.60776	201.42368	128.13065	14.8900795	149.04552	146.13916	162.51736	201.8674	233.68582	197.48827	143.27094	183.036	197.42987	146.53558	135.12306	165.53987	205.59299	139.49593	230.64043	97.440956	170.55681	92.88822	15.597635	212.61559	220.12593	220.15842	192.65944	189.26082	145.1282	143.40242	86.51156	199.83846	140.98593	200.15448	0.0	201.55528	65.3161	187.1941	11.945045	202.35384	140.95602	99.618095	148.57051	13.8779955	97.40434	174.50252	180.88152	203.9167	202.2769	95.8421	135.5466	147.95946	193.56984	53.89115	171.45198	16.053534	226.78606	167.85355	100.20583	140.98593	91.81792	80.647606	149.48134	98.88098	148.00084
G001626675	104.95709	197.93105	203.93135	190.72224	191.93382	193.82068	195.36111	184.27542	192.10782	188.49924	186.56628	191.72455	104.112656	199.63664	178.66403	193.83481	190.14552	10.121162	191.08864	199.04254	194.78943	190.2024	166.89597	169.22903	124.7117	109.2491	186.61678	195.20563	163.63599	191.05104	183.20485	204.49742	171.3707	184.2785	122.954475	196.37805	189.9468	192.9537	204.8081	215.27634	147.80856	28.134914	196.50378	170.71689	189.2815	187.79991	188.04117	189.69876	187.16673	109.76468	201.55528	0.0	189.52284	142.84932	206.69	209.89291	194.50008	194.54997	188.5907	206.42084	202.69696	178.2651	211.31824	219.20314	8.506842	200.48294	181.62943	189.95268	202.91089	195.60738	206.4798	205.62526	88.74979	204.3283	205.00143	187.16673	203.4393	191.5338	191.47302	200.07594	197.70201
G001516025	187.13536	190.36623	65.01038	141.10458	86.23572	138.52148	85.273155	137.31291	186.40482	138.25502	139.45103	138.19444	191.57974	187.02309	167.23007	141.75652	180.46529	193.20644	129.68484	70.03865	148.53914	141.97357	157.99031	190.8735	232.33641	191.86719	139.48682	177.00414	190.63394	139.79366	135.16368	160.43744	194.54102	137.29822	225.00114	91.36219	183.8511	85.047646	65.30867	207.46426	205.1688	214.16124	180.70544	191.6083	134.4335	139.76643	82.42006	178.57489	136.79387	192.02269	65.3161	189.52284	0.0	177.21408	63.587177	195.0829	140.82004	89.17835	141.60954	68.84048	93.52694	172.66008	171.78491	204.27148	189.43344	106.730316	127.24958	139.26215	183.07486	60.095497	161.74501	65.66854	239.42166	163.94116	94.930565	136.79387	86.12696	68.990425	141.60945	88.82277	138.72443
G001872685	138.5601	179.16006	185.89601	165.17136	184.50461	176.2975	187.90594	167.0584	177.67014	177.86412	172.80573	170.75479	144.34996	190.00876	158.15532	178.80373	179.7174	142.107	177.42561	185.6644	179.66753	176.59436	153.97423	155.05315	170.41522	144.38322	172.85405	176.02097	153.91095	171.87862	168.26767	190.61319	152.80225	167.01942	174.14424	177.94772	164.78381	187.41998	183.52695	196.62752	161.0627	167.39658	175.26706	155.91153	169.26056	176.00668	165.53052	173.30098	169.1557	136.97961	187.1941	142.84932	177.21408	0.0	187.16566	191.10626	180.0501	178.9153	171.78433	187.55296	174.946	162.08496	195.16022	197.2148	138.6768	203.7075	159.07846	178.39693	182.26712	180.04478	196.38118	183.69481	150.78378	189.27438	197.76372	169.1557	188.92834	176.93605	183.21259	175.86967	169.04057
G001804665	198.85516	193.38239	2.238268	146.86098	96.867966	144.0547	90.63008	139.49925	188.31152	146.0884	143.6767	143.1032	199.51468	194.3184	178.86925	144.98572	191.644	205.01192	129.71469	11.444793	152.55069	146.08267	167.167	195.98491	237.68665	200.9162	143.71678	187.12228	194.91325	144.83325	141.22896	166.89807	198.47871	139.48639	235.94757	100.227486	185.02141	94.56907	2.8036675	208.48737	217.90862	220.44128	188.35493	204.89937	139.95673	144.68834	89.052315	197.16965	141.21873	198.51067	11.945045	206.69	63.587177	187.16566	0.0	200.21733	150.67192	98.18137	144.13028	8.010071	96.851746	177.26701	177.16965	193.14223	202.20949	112.68903	136.75865	147.01405	193.75748	54.84318	175.80414	3.0093644	214.78679	169.81953	103.907745	141.21873	96.53688	79.25271	148.46559	96.90711	144.23813
G000403035	201.93188	161.90076	204.18254	190.72562	190.77914	182.65208	185.0384	180.01187	166.52614	179.55273	192.96184	189.2203	200.6385	168.95287	189.92583	193.46631	151.61104	209.1433	193.01918	202.84007	199.55884	185.5908	168.59666	199.96036	237.63818	201.24316	193.05774	163.63951	202.69672	192.17903	189.27846	197.75444	208.27638	179.95908	232.1842	203.27904	202.88106	212.57542	202.03404	186.08832	231.13521	233.42876	161.24855	203.75153	183.32396	182.68155	186.91528	183.65146	188.68922	207.6832	202.35384	209.89291	195.0829	191.10626	200.21733	0.0	186.36497	200.86229	190.67186	211.56627	196.32054	177.53622	200.48083	61.54764	206.01126	220.06494	183.0779	187.80873	163.50363	193.6248	219.39682	202.26366	222.64781	201.65703	215.75145	188.68922	191.0703	179.74774	192.52943	206.31401	186.24518
G001802215	188.00612	166.3566	148.22374	123.961365	144.57819	116.16618	141.32664	119.44114	178.15588	116.239815	119.980995	119.094696	188.51816	188.3267	169.76648	68.99606	182.2894	196.4268	138.70099	153.58331	121.61603	118.997215	158.92746	191.94968	235.69164	192.78822	120.008804	184.0968	178.89346	125.27163	113.748245	159.76741	190.34653	119.41348	223.96516	141.81311	153.7227	146.67741	150.84389	192.41286	213.34117	223.47658	177.63927	185.97537	117.19163	116.44948	140.76414	195.51282	119.32025	185.68715	140.95602	194.50008	140.82004	180.0501	150.67192	186.36497	0.0	145.89963	121.125626	148.90805	147.05147	176.01183	166.40219	195.3701	194.29327	154.41997	108.649376	121.30912	176.40648	144.67134	169.92459	151.33003	209.23003	157.19743	141.02658	119.32025	142.31396	141.679	99.412506	146.68602	73.356766
G001802205	193.71419	187.01927	92.978485	137.5401	36.532146	144.40646	70.08655	138.01962	185.90189	142.20352	138.97473	141.6312	191.03687	196.0408	181.94415	145.60838	187.90099	205.0289	130.68266	92.292076	147.3619	141.5324	160.48169	195.8185	224.45874	191.98239	138.96698	186.41821	191.00067	145.50024	136.24536	162.84808	193.68004	137.98254	225.28207	5.343987	182.67998	57.736923	90.681946	200.1174	220.67804	211.71432	185.82887	204.33841	137.70082	140.20776	59.569107	166.73097	139.08882	185.09946	99.618095	194.54997	89.17835	178.9153	98.18137	200.86229	145.89963	0.0	136.73361	100.08476	61.114418	173.62595	173.40138	197.39856	195.5483	34.948414	131.66309	138.43996	188.43146	89.343544	170.73671	90.995026	191.63148	166.58232	72.681274	139.08882	9.342319	86.04625	144.55962	3.1381104	141.14069
G001536125	183.69452	176.6364	142.69771	11.961188	138.88658	13.097727	142.76752	21.00779	173.74657	11.251907	10.11126	10.359191	183.80728	179.99564	168.22702	116.80387	179.67311	195.10347	137.50343	142.52492	15.952823	12.695514	153.4236	181.81828	226.1052	186.49976	10.12315	174.402	182.64752	12.493269	24.888763	156.85411	185.2199	21.011877	227.2255	137.94147	173.74771	134.4077	141.21675	201.35942	216.33736	206.8369	180.44104	188.49057	20.708881	10.796249	137.93024	169.03502	10.375983	183.45503	148.57051	188.5907	141.60954	171.78433	144.13028	190.67186	121.125626	136.73361	0.0	147.29182	140.93956	161.07649	167.755	194.58134	188.91603	166.26903	26.17962	11.858039	182.97311	139.39809	164.62682	141.50842	193.05692	156.91234	148.17204	10.375983	143.64175	143.10548	120.951035	137.66817	113.68658
G001802805	201.0289	191.7541	3.845902	147.57253	96.97089	148.08734	96.883835	141.62776	188.149	149.78972	143.07338	146.68288	203.04193	198.97595	180.40752	148.60162	184.37532	212.30139	133.99583	11.011056	148.37418	148.38599	167.63423	194.87859	241.9571	205.8838	143.0662	188.86575	197.14755	143.83153	141.58018	169.76363	199.88962	141.61108	237.19788	100.01601	188.64244	91.842026	5.921434	209.44168	216.66594	231.93256	192.92902	195.26865	141.41441	142.75621	84.66827	183.51294	144.60793	201.38818	13.8779955	206.42084	68.84048	187.55296	8.010071	211.56627	148.90805	100.08476	147.29182	0.0	107.80313	177.95009	180.00356	218.57501	204.74814	102.97044	137.30026	150.01411	193.57953	57.259064	180.62915	5.978581	216.2349	172.6429	107.11063	144.60793	104.266106	69.44666	150.73108	100.49272	149.82307
G001802785	195.63629	186.36691	96.24502	142.80537	57.20513	143.63118	81.88457	137.87857	181.34958	136.37462	145.42348	142.75516	191.22128	193.25267	174.3515	141.37868	191.23532	201.28964	131.00157	95.799774	145.77904	144.59518	165.77571	198.98988	221.42815	198.92139	145.46594	185.19028	192.16582	144.00525	138.68112	164.81966	203.49295	137.82921	224.57968	60.43086	168.74857	59.14336	96.1025	215.25043	224.62762	226.7031	191.24907	225.10707	142.03519	141.931	64.99926	200.18001	142.64621	195.14943	97.40434	202.69696	93.52694	174.946	96.851746	196.32054	147.05147	61.114418	140.93956	107.80313	0.0	179.74902	180.5119	203.3481	204.8701	68.345024	134.74765	146.46771	189.60567	92.34657	167.38925	96.62369	210.19867	165.4173	75.64571	142.64621	63.349243	84.58101	149.22722	54.527615	138.57478
G001886815	176.01823	170.61186	177.23233	169.17822	170.65726	168.26135	168.43517	161.31976	173.7318	162.17123	166.08502	166.0672	175.12483	176.05672	114.6772	165.3701	168.54077	179.48343	167.86978	184.57243	168.27249	167.51173	126.77906	176.16702	210.23122	175.19188	166.0721	165.92438	173.47636	167.40561	159.33914	181.12517	173.34665	161.28946	208.21173	169.39702	142.78452	169.90855	177.29628	189.62347	195.71721	195.34583	171.40613	177.30098	164.37144	161.47119	166.3717	156.0519	165.63014	175.8838	174.50252	178.2651	172.66008	162.08496	177.26701	177.53622	176.01183	173.62595	161.07649	177.95009	179.74902	0.0	189.22215	186.56248	179.81042	190.69722	155.40459	165.26256	176.42563	169.64294	185.73083	177.71577	186.66353	182.37128	176.48502	165.63014	177.37216	172.64665	166.94376	177.3558	166.78279
G001567175	209.54132	203.20357	178.48666	168.04205	174.93033	170.69621	171.93823	157.88953	194.56331	162.52788	160.29393	165.8153	210.25089	204.63689	195.39853	168.40776	202.13394	222.20547	163.06126	186.86757	168.49554	162.99686	175.09238	211.33792	247.97914	211.45995	160.31308	202.79645	206.8191	164.91121	163.2632	64.35274	213.98883	157.86716	249.14177	173.123	196.49849	167.6225	179.00125	212.16786	233.23618	226.6866	197.284	203.35402	159.7012	168.25203	167.8115	203.25117	165.22571	210.7899	180.88152	211.31824	171.78491	195.16022	177.16965	200.48083	166.40219	173.40138	167.755	180.00356	180.5119	189.22215	0.0	225.15498	213.5634	186.35628	157.93199	162.56374	203.17528	176.99396	138.20297	179.57379	229.53526	108.18866	182.77174	165.22571	173.23703	171.27298	174.48468	175.83061	164.78732
G000478645	205.38829	165.0091	203.24948	196.40791	218.76416	182.03943	198.59653	183.91394	166.15811	186.84956	196.03044	183.46143	202.50787	170.33043	183.5003	194.00713	168.67392	207.53465	193.09221	217.37332	210.5737	193.42714	176.96762	214.79292	247.01909	209.92969	196.1942	158.93369	198.62042	197.304	187.20403	204.28514	203.85626	183.8499	248.1403	198.92236	177.44562	198.66339	198.86588	181.23538	208.72646	204.32582	165.96646	208.33075	185.30818	187.90802	190.21486	180.84566	184.31236	205.19092	203.9167	219.20314	204.27148	197.2148	193.14223	61.54764	195.3701	197.39856	194.58134	218.57501	203.3481	186.56248	225.15498	0.0	209.49734	222.09006	182.92902	184.78636	168.79117	204.06781	217.62611	199.32657	218.24823	205.4497	186.96036	184.31236	180.20724	209.67036	191.88829	200.12926	188.83597
G001577025	106.40864	188.36223	200.38475	191.73889	194.48567	191.22105	196.25546	183.35895	195.81352	190.91675	189.05264	193.84737	107.86657	200.92769	184.70412	188.13673	196.11641	11.428959	189.89375	197.08234	192.37512	192.07892	166.29744	173.40182	129.94975	111.321945	189.09807	194.95773	168.50874	190.90813	183.89684	205.9215	168.42352	183.3778	127.23295	198.08516	177.68867	193.43846	200.49681	219.33298	149.61388	26.187536	194.14557	172.16373	188.01183	190.92769	186.32996	180.86111	186.68791	109.2895	202.2769	8.506842	189.43344	138.6768	202.20949	206.01126	194.29327	195.5483	188.91603	204.74814	204.8701	179.81042	213.5634	209.49734	0.0	210.19322	182.52997	190.31856	198.6071	196.57509	212.35951	201.27547	84.96341	208.83061	213.46979	186.68791	206.03801	191.08241	193.25893	202.52022	192.9187
G001802995	207.12761	207.89938	105.88508	151.77074	48.5989	157.35863	80.24734	145.79326	204.85153	152.38754	150.45592	153.83493	203.77289	218.4644	187.15762	152.9011	194.46408	212.82556	139.92935	106.70701	156.73778	154.58655	174.03014	212.04036	246.51631	210.40178	150.43552	186.3047	202.03749	157.30074	142.31749	175.81892	217.33282	145.73752	242.59215	30.833372	192.80925	70.72827	109.69037	206.11095	222.7338	223.22772	211.51106	210.083	153.6445	145.67091	72.16178	193.67882	151.3532	207.37914	95.8421	200.48294	106.730316	203.7075	112.68903	220.06494	154.41997	34.948414	166.26903	102.97044	68.345024	190.69722	186.35628	222.09006	210.19322	0.0	142.1211	153.00555	201.23306	104.66175	198.83362	110.35116	228.99165	178.74507	93.29927	151.3532	32.047703	83.660164	156.63051	35.274334	155.7115
G001442855	175.51666	168.58347	135.36353	27.189991	133.73103	27.333437	125.09148	21.285704	167.94612	25.899282	24.552813	25.415405	177.57176	174.56982	162.95988	110.00893	162.46204	185.71964	122.22081	138.6998	30.91676	27.436049	149.85362	174.67226	213.3241	178.19583	24.578665	165.27892	171.16354	27.156101	21.330381	147.10408	183.52242	21.282866	213.59259	132.41046	158.35225	132.45854	135.23859	184.6561	197.01216	200.54227	164.8152	184.40388	22.588854	25.219797	126.63837	166.71407	24.573761	174.07983	135.5466	181.62943	127.24958	159.07846	136.75865	183.0779	108.649376	131.66309	26.17962	137.30026	134.74765	155.40459	157.93199	182.92902	182.52997	142.1211	0.0	26.957518	173.81454	131.51942	159.51247	135.58086	188.57413	147.23149	130.68996	24.573761	132.5577	122.84549	113.486855	133.5299	108.326805
G001535985	184.65024	181.00764	145.96487	6.5004497	143.24812	7.5815206	133.06664	21.036438	178.1781	6.2125587	7.6252337	5.058042	183.96953	185.02777	165.3443	119.083664	179.84718	193.88962	137.29309	150.74411	14.531012	12.898517	152.22307	186.37311	216.24866	185.93364	7.6359453	174.35641	184.27089	10.169167	24.763441	153.01555	192.35423	21.035542	215.11278	141.6664	168.69028	140.54312	145.12979	191.22353	212.42934	202.05937	176.01978	193.71886	20.503426	6.7363753	131.65791	170.4929	3.6224287	183.3238	147.95946	189.95268	139.26215	178.39693	147.01405	187.80873	121.30912	138.43996	11.858039	150.01411	146.46771	165.26256	162.56374	184.78636	190.31856	153.00555	26.957518	0.0	176.42593	142.58522	160.68355	145.52623	197.59076	156.54971	148.183	3.6224287	141.47012	139.23497	119.772835	142.47676	117.80363
G001302725	192.87097	130.7764	192.98451	177.90762	187.59999	184.35193	183.72241	174.19214	113.05885	176.6473	177.62822	175.39465	194.98439	118.77213	175.78091	181.01457	109.21751	202.20387	179.22661	193.94392	190.70921	179.52753	163.59334	194.59592	228.778	197.12375	177.6506	108.66244	192.3586	174.77327	175.27095	191.51263	193.67177	174.11829	231.77313	190.42516	177.66338	185.84003	193.00508	128.49081	218.90373	218.8541	110.40819	192.79482	174.42049	175.64462	180.61606	182.50638	176.47305	191.83504	193.56984	202.91089	183.07486	182.26712	193.75748	163.50363	176.40648	188.43146	182.97311	193.57953	189.60567	176.42563	203.17528	168.79117	198.6071	201.23306	173.81454	176.42593	0.0	186.05205	204.72557	193.24872	210.32832	195.207	201.07858	176.47305	190.7194	188.84122	179.89526	190.98764	177.38103
G000279145	195.57094	189.95523	54.14214	138.06259	89.42099	141.51453	85.584465	135.40486	184.81277	140.59282	137.70027	138.88861	193.62929	190.5857	175.89954	141.12968	183.08958	198.72733	127.00973	56.435402	146.00609	141.87575	161.75085	193.36134	230.00563	196.906	137.74135	183.54651	192.00658	138.91997	134.6594	161.05408	194.87418	135.37334	226.00838	89.99288	175.5343	85.4654	54.367256	201.55571	215.73965	220.12782	183.20735	195.47633	134.51852	138.14597	81.95922	187.32481	138.30244	192.7493	53.89115	195.60738	60.095497	180.04478	54.84318	193.6248	144.67134	89.343544	139.39809	57.259064	92.34657	169.64294	176.99396	204.06781	196.57509	104.66175	131.51942	142.58522	186.05205	0.0	169.16795	54.556885	214.61598	163.80014	96.2988	138.30244	87.79622	69.181915	145.19958	87.88526	139.69174
G001804565	202.82703	198.15338	175.44801	162.95963	180.77074	169.47984	166.85234	155.14847	199.14462	159.23723	161.3837	158.70601	201.18655	208.05267	195.16032	162.52985	193.16513	210.17564	160.02655	174.27682	171.73291	161.9112	170.61725	204.35043	236.92535	199.534	161.3963	192.1009	198.48492	165.11903	154.72429	130.24242	195.802	155.10254	248.26337	168.43951	175.2307	181.55424	174.9979	206.14394	219.81209	225.66977	197.64278	209.41336	165.88553	168.93433	154.13234	182.67519	163.51842	210.63751	171.45198	206.4798	161.74501	196.38118	175.80414	219.39682	169.92459	170.73671	164.62682	180.62915	167.38925	185.73083	138.20297	217.62611	212.35951	198.83362	159.51247	160.68355	204.72557	169.16795	0.0	175.2844	207.60805	130.41727	161.46843	163.51842	168.49423	160.14627	167.90764	174.18874	162.63626
G001803345	197.63583	190.38496	0.83893	144.42899	96.27404	146.43643	90.311905	140.14601	189.38916	147.88054	143.18314	143.11404	198.55473	193.68135	182.30281	146.85822	192.32568	208.28387	135.48172	9.052532	151.05646	146.69177	165.9875	196.42216	230.90146	199.6129	143.20836	189.53581	197.61949	144.63184	139.54272	167.97728	199.5938	140.12901	229.98428	96.76287	191.18542	91.89954	0.011864492	207.36708	222.92854	221.29237	188.53806	206.31529	137.91788	143.57382	85.261635	185.0004	142.00673	193.25047	16.053534	205.62526	65.66854	183.69481	3.0093644	202.26366	151.33003	90.995026	141.50842	5.978581	96.62369	177.71577	179.57379	199.32657	201.27547	110.35116	135.58086	145.52623	193.24872	54.556885	175.2844	0.0	204.59697	170.20178	98.38572	142.00673	96.90278	70.13107	148.20699	92.14942	144.5402
G000375825	122.74569	215.19008	209.08391	195.61458	208.6521	208.42307	190.58058	195.10493	200.16237	203.56538	204.49188	200.66533	123.57591	216.17004	185.01588	199.02124	203.49231	87.447014	206.59724	214.0318	203.43701	203.05225	178.02354	179.45337	133.47429	117.580666	204.5227	208.21985	178.47998	198.24004	203.36513	218.0165	179.68382	195.10309	135.6146	204.15009	208.52376	215.24127	204.48724	229.49113	148.78555	101.401054	201.06635	178.48659	186.95937	197.77121	198.95045	193.70013	197.30005	110.88571	226.78606	88.74979	239.42166	150.78378	214.78679	222.64781	209.23003	191.63148	193.05692	216.2349	210.19867	186.66353	229.53526	218.24823	84.96341	228.99165	188.57413	197.59076	210.32832	214.61598	207.60805	204.59697	0.0	214.07469	199.57533	197.30005	221.019	199.95503	211.88171	201.78145	200.90392
G001302225	200.7706	190.65933	168.74158	156.16933	166.20653	154.63332	160.59952	152.06458	192.722	154.12625	156.22847	155.29797	201.67467	195.24623	180.47018	156.70232	188.38245	207.77165	161.25829	170.83543	164.60716	157.46997	169.40729	202.83528	237.67291	204.54466	156.25717	184.11052	199.35846	159.98743	149.96216	97.525	198.56984	152.01892	237.95016	163.1956	190.79802	162.88098	169.76865	216.69481	225.76389	225.09572	193.85957	204.99045	157.7017	155.19257	158.7993	188.64084	155.08737	203.62306	167.85355	204.3283	163.94116	189.27438	169.81953	201.65703	157.19743	166.58232	156.91234	172.6429	165.4173	182.37128	108.18866	205.4497	208.83061	178.74507	147.23149	156.54971	195.207	163.80014	130.41727	170.20178	214.07469	0.0	174.73265	155.08737	165.16516	165.97833	156.80405	167.51285	158.85239
G001802895	206.95262	199.02557	98.89187	153.98685	73.46489	158.42136	80.53458	145.4587	189.23409	145.78598	145.13416	141.69315	201.9748	194.2206	171.19302	153.1817	206.83087	213.67929	131.48604	107.28907	155.52074	157.27563	167.74055	214.37706	224.94023	212.00966	145.19626	191.6865	196.62198	151.6014	137.75719	169.97165	217.74191	145.42078	238.74025	79.20865	187.80563	69.37933	97.89241	219.26889	225.81169	212.81593	191.87265	186.68666	140.3006	144.3819	53.885494	218.18793	148.92369	195.39133	100.20583	205.00143	94.930565	197.76372	103.907745	215.75145	141.02658	72.681274	148.17204	107.11063	75.64571	176.48502	182.77174	186.96036	213.46979	93.29927	130.68996	148.183	201.07858	96.2988	161.46843	98.38572	199.57533	174.73265	0.0	148.92369	72.34405	92.67433	154.79196	74.575645	151.62662
G001485625	180.96428	180.75943	141.6526	3.5094483	141.4745	4.834125	137.55563	18.727638	178.341	4.538231	5.8748355	2.0279136	181.83415	182.3594	165.30905	117.65251	177.3613	187.02066	132.11687	144.62668	13.104589	11.328413	149.00609	186.01625	220.50616	182.97505	5.897823	172.02109	184.39734	7.7547317	23.490757	151.97714	187.809	18.717983	220.90407	137.75586	166.53525	141.74927	141.59888	193.69417	202.76118	202.65248	175.32709	188.548	20.141146	5.077366	132.01883	177.52663	0.0	183.51585	140.98593	187.16673	136.79387	169.1557	141.21873	188.68922	119.32025	139.08882	10.375983	144.60793	142.64621	165.63014	165.22571	184.31236	186.68791	151.3532	24.573761	3.6224287	176.47305	138.30244	163.51842	142.00673	197.30005	155.08737	148.92369	0.0	138.93098	138.41988	118.68545	139.00035	116.34455
G001803075	198.82034	186.71773	96.12589	142.07343	38.11139	141.11214	68.80182	135.98242	181.86	140.31284	139.15588	141.47061	194.92285	194.19556	182.74294	145.31253	185.52173	207.60283	128.0954	97.63557	150.6472	143.02606	165.46654	201.17888	233.5254	198.23605	139.185	181.61789	191.25046	147.9839	135.74538	161.76811	198.1129	135.94348	235.6349	8.443106	176.7409	65.185265	96.2595	196.76265	228.74434	216.9183	184.41795	200.44302	141.54204	140.68445	63.395454	193.05063	138.93098	196.01431	91.81792	203.4393	86.12696	188.92834	96.53688	191.0703	142.31396	9.342319	143.64175	104.266106	63.349243	177.37216	173.23703	180.20724	206.03801	32.047703	132.5577	141.47012	190.7194	87.79622	168.49423	96.90278	221.019	165.16516	72.34405	138.93098	0.0	94.77295	144.67111	8.979654	143.50659
G001804605	190.68709	175.94286	70.728226	135.39961	93.00238	140.93526	81.00486	139.09099	187.86642	137.04543	134.10144	138.80708	192.86188	187.14407	164.83147	140.70102	177.13875	199.36537	128.1939	76.92718	136.65355	138.4733	158.17107	197.51328	233.2188	193.56064	134.08932	183.4579	202.43614	138.91898	134.32767	160.44423	188.41776	139.07819	224.41287	92.37286	194.20183	93.98829	70.20113	200.07631	218.98587	226.80138	176.69757	184.73813	132.18896	130.88737	81.79208	165.36966	138.41988	189.16241	80.647606	191.5338	68.990425	176.93605	79.25271	179.74774	141.679	86.04625	143.10548	69.44666	84.58101	172.64665	171.27298	209.67036	191.08241	83.660164	122.84549	139.23497	188.84122	69.181915	160.14627	70.13107	199.95503	165.97833	92.67433	138.41988	94.77295	0.0	140.5087	89.994095	138.2593
G001919105	189.21448	181.36693	147.69893	121.92418	145.42595	123.17643	145.8214	115.41438	179.02573	119.7753	118.77889	118.502106	188.16621	185.03348	171.70222	101.66299	182.05197	197.3075	137.05502	151.7441	122.869675	121.32594	158.02559	189.16144	229.5335	188.51077	118.796585	185.80254	188.8814	123.344696	117.02355	158.16266	194.6946	115.34915	227.51622	143.87521	166.82088	144.80342	147.82924	197.18909	218.20168	217.44017	174.78099	193.48778	114.7827	118.69135	134.47836	182.8062	118.68545	194.1488	149.48134	191.47302	141.60945	183.21259	148.46559	192.52943	99.412506	144.55962	120.951035	150.73108	149.22722	166.94376	174.48468	191.88829	193.25893	156.63051	113.486855	119.772835	179.89526	145.19958	167.90764	148.20699	211.88171	156.80405	154.79196	118.68545	144.67111	140.5087	0.0	145.24846	95.44935
G001802795	197.46013	190.25475	93.76637	137.87782	36.358498	143.97504	82.90817	138.01668	187.33685	142.53767	140.12943	141.49791	194.32002	196.88974	180.30743	147.42548	188.9526	207.96875	131.73753	92.365074	149.90967	143.25967	161.91063	199.4608	236.34344	196.30049	140.13564	188.82932	194.4154	145.2417	137.58958	164.69142	200.05074	137.96678	238.18939	4.09682	187.07504	59.182175	91.832794	204.9121	214.67058	221.15158	189.50339	205.27994	138.75749	140.98705	63.48957	179.73483	139.00035	191.82121	98.88098	200.07594	88.82277	175.86967	96.90711	206.31401	146.68602	3.1381104	137.66817	100.49272	54.527615	177.3558	175.83061	200.12926	202.52022	35.274334	133.5299	142.47676	190.98764	87.88526	174.18874	92.14942	201.78145	167.51285	74.575645	139.00035	8.979654	89.994095	145.24846	0.0	141.50598
G001804555	187.81236	181.18747	144.913	120.17288	137.35548	118.88044	137.34988	111.88953	173.74606	117.967354	115.02373	116.9873	190.93564	181.70915	171.69157	4.1878448	178.23045	196.95303	135.06793	148.8119	123.158676	117.95424	151.27318	188.90111	231.5482	193.18756	115.052986	172.64903	189.48372	117.40913	112.15495	152.01218	192.09898	111.83764	227.53809	139.6458	181.83351	144.01926	144.31812	198.22343	213.23587	216.88614	180.48041	195.49413	114.10443	113.80515	134.556	173.1109	116.34455	191.14201	148.00084	197.70201	138.72443	169.04057	144.23813	186.24518	73.356766	141.14069	113.68658	149.82307	138.57478	166.78279	164.78732	188.83597	192.9187	155.7115	108.326805	117.80363	177.38103	139.69174	162.63626	144.5402	200.90392	158.85239	151.62662	116.34455	143.50659	138.2593	95.44935	141.50598	0.0
