	G001824635	G001778315	G000165715	G001828535	G000315095	G001642915	G001642875	G001824605	G001610895	G001830315	G001828445	G001707835	G001828545	G001824645	G001828415	G001642955	G000195185	G001804395	G001804055	G000304635	G001806075	G001873945	G001804045	G001804105	G001804065	G001804125	G001825635	G001828265	G001871815	G001806055	G000338295	G001825665	G001805775	G001805895	G000284115	G001805765	G001804165	G001825655	G001825715	G001804005	G000296795	G001871865	G001828345	G001805605	G001464525	G001804155	G001804305	G001027925	G001999965	G000171775	G000346315	G001804255	G001730085	G001805845	G001805855	G001803975	G001804225	G001805565	G001603075	G001805805	G001872105	G001805575	G001874025	G001302825	G000092105	G001804205	G001723765	G000949635	G000025185	G001997385	G000330745	G001303465	G001804445	G000346505	G000181475	G001828645	G001872775	G001956985	G000242455	G001824685	G000186345	G000153105	G001304275	G001303695	G001830285	G000255655	G001805365	G001805375	G001828635	G000255705	G001873045
G001824635	0.0	92.40205	80.93296	87.42265	99.80694	90.69681	102.659294	113.599754	201.9786	129.67014	84.64231	70.369	149.2646	32.665867	145.2242	113.835365	137.83502	58.676563	73.078255	136.90202	112.40745	133.04002	67.8177	67.048195	82.411865	52.74369	132.58289	103.217674	155.00383	88.000595	136.5327	71.02365	100.73562	58.752445	260.82495	151.26253	71.47159	134.22084	35.181362	49.179466	110.76148	189.43782	15.309111	102.30944	98.09024	75.90102	83.468666	131.88242	24.566685	145.2222	137.09871	82.26922	269.28278	101.78443	48.794003	159.63414	65.57933	53.587856	104.53179	67.02391	61.316345	102.09221	68.791504	75.38188	69.785416	72.60715	156.63655	72.11377	94.916534	44.73827	134.72432	43.837563	118.233894	121.022095	58.498222	88.61278	106.03416	155.80196	103.59468	79.87874	122.69868	99.57251	16.989262	24.920494	148.00266	94.729576	78.44907	50.991405	72.82052	105.74281	129.70189
G001778315	92.40205	0.0	234.93762	38.731224	38.42456	264.47128	263.1958	39.7634	328.4829	53.28014	58.926426	219.80373	161.0892	46.46237	155.95682	283.2582	315.88553	54.811115	83.95954	314.8682	50.76378	87.273605	25.707817	134.82547	44.991146	105.399895	55.788097	259.66513	49.159184	31.268816	315.2708	56.213028	58.565285	85.16851	391.47574	58.345047	48.232533	54.927406	44.445827	83.219475	36.585938	66.093056	85.00469	64.01799	267.47415	80.13866	45.75001	311.76822	62.63645	285.28317	316.22107	44.131603	111.0967	63.66573	84.11094	50.352318	137.69872	121.582855	261.86993	83.58222	89.55953	52.345688	66.16939	112.23344	220.12808	83.57491	57.501213	37.390335	266.3429	62.213917	312.09882	177.5695	58.62548	288.12772	156.59984	38.89114	46.36993	297.40405	248.38753	232.75708	276.19083	264.4193	103.70626	91.90761	60.70561	263.495	43.536865	57.102978	38.061275	250.04782	124.27832
G000165715	80.93296	234.93762	0.0	221.85115	242.87082	34.502403	31.039421	261.82394	175.57845	287.5391	223.28159	22.708391	240.89824	138.15366	237.64966	50.11579	49.55743	144.9283	156.8312	49.054276	262.50864	279.86737	204.85527	91.827675	230.7238	109.78476	290.61124	54.642014	347.58484	245.52771	48.0078	199.52002	251.50864	155.00372	250.63298	330.63455	202.16187	294.44876	148.7594	117.60195	262.51926	335.57437	67.93763	252.09572	60.28321	152.12971	231.95927	40.883083	118.45703	112.31806	48.167435	230.88208	469.85205	250.55795	128.70381	353.4011	87.45133	94.2327	58.187412	168.11458	139.21187	255.33481	171.08867	155.08084	23.39797	156.51933	325.67505	194.00665	43.39568	144.39626	47.96926	35.29382	266.32626	44.65848	42.427883	225.90445	282.304	116.792755	59.820953	45.93655	73.86975	57.589912	55.10584	95.72444	314.35403	20.780655	223.52473	142.95415	196.63318	54.816334	262.82837
G001828535	87.42265	38.731224	221.85115	0.0	7.3420277	248.69734	233.46501	12.163725	347.24185	10.124165	42.0063	193.6637	156.06943	33.441105	151.1903	247.73961	276.48514	56.081482	76.99212	275.93573	88.991035	36.099026	52.39299	127.93546	78.444695	126.27972	11.019846	261.1244	51.430115	46.85183	277.70306	29.31433	91.415985	118.30375	423.89267	70.22674	65.88702	11.1287365	36.139038	91.46335	9.009314	79.78294	82.153435	97.929474	263.2294	70.086754	79.84192	275.03403	67.72153	296.2555	278.8299	77.25245	105.40693	97.81865	101.2185	52.275074	132.2732	134.39864	264.38892	124.48619	103.750336	80.2207	71.2867	139.15926	193.55435	76.310936	21.108274	3.751078	246.43721	71.32506	272.97092	174.4086	99.59006	261.4181	126.62332	1.0891255	60.51867	308.53372	252.39659	232.13531	265.78836	255.55363	95.75921	95.592125	17.90655	234.90523	76.77186	69.18598	1.9707854	249.92758	176.46758
G000315095	99.80694	38.42456	242.87082	7.3420277	0.0	268.03738	249.74643	16.73519	377.95596	11.516794	60.22777	219.13103	192.76096	40.621277	187.52919	262.62842	295.11945	63.740887	73.07933	294.56967	93.44273	48.190933	61.279274	133.28542	88.59439	135.64091	12.463401	290.10934	50.931698	50.487312	296.74216	23.723745	97.373566	130.4005	449.1074	68.85621	79.70073	11.975564	40.653057	94.74424	13.9483795	77.759224	96.502174	104.00383	284.50427	63.77293	90.07583	295.87106	77.49092	323.59088	297.92123	87.398	90.01829	104.167	117.31559	50.71822	138.53886	145.14429	294.65134	146.08691	106.580574	86.08344	68.87421	162.95782	218.85498	72.52331	22.0905	10.369972	270.0744	81.68486	291.67688	202.24028	104.31112	282.03793	143.59802	7.5532017	57.339386	337.54376	282.27908	263.20633	293.93967	273.10297	115.49997	110.27322	17.09333	257.55026	87.12492	74.23664	10.156904	269.4992	202.1278
G001642915	90.69681	264.47128	34.502403	248.69734	268.03738	0.0	42.894325	295.26416	148.03586	313.1541	249.65746	62.77351	266.07904	166.19772	262.3681	34.481102	40.3155	153.27638	170.39752	39.71569	278.12677	310.87592	226.80441	98.5395	244.39876	106.859795	315.92126	34.73566	374.53265	263.01538	37.47355	228.22949	270.14688	162.37776	192.44794	344.35352	216.61162	319.0502	175.82164	128.19261	293.02206	361.9424	91.82166	270.72385	30.353823	171.37666	245.35129	29.309093	142.038	83.25367	37.41104	244.23907	482.93835	269.13788	135.52538	379.78226	93.27291	88.565414	47.64391	181.87863	130.15994	275.7044	169.38368	169.82188	63.740017	170.14856	353.10828	222.0356	45.074474	188.91537	39.53218	51.084747	281.9874	32.182915	90.48167	252.05478	298.00125	91.18892	54.327976	45.92914	46.61012	32.552902	76.68536	92.84484	339.95877	32.808964	237.07037	147.2371	223.8766	44.873962	275.9922
G001642875	102.659294	263.1958	31.039421	233.46501	249.74643	42.894325	0.0	280.02762	228.11374	294.7817	255.39699	47.11123	318.6722	157.94229	314.5728	15.361233	17.357283	155.8869	141.57347	17.292671	306.8679	304.17313	233.07317	71.10828	258.04883	117.0467	297.29456	94.34382	372.9913	273.52588	17.008396	199.15692	299.9672	206.55171	309.93723	363.9052	223.54771	300.60535	166.67587	128.3358	280.04596	360.7691	91.17558	302.1003	78.42801	135.21346	259.4874	20.98404	152.58841	159.97491	17.308464	257.8565	460.2936	300.19815	163.7334	377.25812	69.89463	105.03152	101.1313	207.37817	133.06738	300.77966	160.22939	218.24544	47.538567	141.23447	334.35397	207.77003	53.543964	184.88503	16.543692	68.18192	313.84744	21.657482	66.51623	238.38254	307.0234	152.82542	97.06931	90.70994	93.1615	47.453156	81.51888	129.7111	322.75623	15.360078	250.4849	155.2498	209.44136	80.51601	314.5324
G001824605	113.599754	39.7634	261.82394	12.163725	16.73519	295.26416	280.02762	0.0	384.3804	9.292635	38.141884	230.30246	168.24283	43.343746	163.52971	298.397	329.54663	81.71619	108.276306	328.98547	91.543976	31.67055	61.497833	172.45093	83.03804	165.53728	10.466838	302.36346	38.410225	49.066666	330.83267	37.94974	93.14392	139.93152	456.3615	67.56693	76.35496	10.83991	46.525803	127.348274	8.790543	80.8527	104.1873	100.43772	306.7824	100.63902	84.52331	328.6493	78.10253	333.49692	332.07312	82.04789	101.81957	100.327705	131.37338	38.963963	176.87648	176.77483	304.97873	144.01985	143.16283	80.0093	103.69235	157.28209	229.92131	107.71797	10.678626	17.185694	291.47983	76.60615	325.6977	206.26448	103.32647	313.09674	154.39996	11.196804	57.980705	348.34525	295.04422	271.70242	312.05353	303.27576	119.97669	122.97546	12.772114	283.50018	82.43202	97.62222	16.1913	297.11618	184.82681
G001610895	201.9786	328.4829	175.57845	347.24185	377.95596	148.03586	228.11374	384.3804	0.0	412.25717	322.53156	200.59738	273.2737	277.53006	271.8389	235.93123	242.52469	237.28401	309.6937	241.18282	322.215	405.36868	285.23297	245.34555	290.65845	190.63634	415.25015	78.34899	436.58096	336.9112	235.40366	355.96097	324.73975	212.95038	89.93273	408.84134	269.98083	418.2001	283.54526	234.96115	380.60223	432.11627	195.13223	324.86514	137.81435	311.09314	290.93414	213.69986	240.25214	83.38081	235.12746	291.0283	564.6529	324.72302	189.48125	443.48117	236.62085	172.73839	72.98771	204.10373	227.14197	334.08298	277.05038	202.81195	204.00475	309.1456	443.14142	324.3371	180.29189	282.59198	240.58179	143.33105	322.51602	196.33131	229.71397	350.0321	371.8437	18.409529	61.85306	99.21488	99.25317	157.75787	185.13234	162.74002	437.3042	181.50322	285.64075	237.4792	323.74124	120.27733	273.25604
G001830315	129.67014	53.28014	287.5391	10.124165	11.516794	313.1541	294.7817	9.292635	412.25717	0.0	53.603836	256.31522	199.44588	54.455536	194.5637	306.70493	339.4829	91.12054	107.105515	339.0123	111.39525	36.39261	80.36459	178.5942	104.54726	180.51108	0.44506076	330.013	42.280003	61.837738	341.179	34.804134	114.20293	165.46655	485.19302	71.022736	95.13874	0.5181139	56.642056	138.33234	12.397012	85.59119	126.21686	122.31359	327.45868	98.91112	106.15441	339.94647	99.81368	360.8236	342.45914	103.20207	83.13749	122.20628	152.66484	41.343483	184.72632	191.74971	334.70618	174.58537	148.4648	99.06925	102.607956	189.26363	255.69531	106.50854	6.7361116	19.337399	309.03293	99.346245	335.80258	237.75902	124.48496	326.67966	175.60205	8.67662	65.2709	374.43433	321.25418	303.1257	331.7737	320.55347	143.99371	141.99178	2.9229856	301.8913	103.82272	106.564896	16.744932	319.22678	222.36711
G001828445	84.64231	58.926426	223.28159	42.0063	60.22777	249.65746	255.39699	38.141884	322.53156	53.603836	0.0	195.18932	111.35982	41.820454	107.542854	272.21878	296.36975	98.40379	141.7479	295.66068	98.775665	46.744778	48.289158	173.4682	61.312683	154.96666	55.796337	239.44284	66.76193	58.453682	295.98203	70.169014	89.72632	118.42768	391.80338	95.96516	53.14367	56.68084	46.710896	137.0737	37.203575	126.62628	79.46007	95.72379	253.47397	136.39243	62.550846	291.2988	59.23832	273.17523	296.72385	60.957726	174.13387	95.47978	110.07511	71.413765	174.88824	166.3659	240.26126	92.31716	146.85803	80.489204	124.260994	113.57146	194.65694	141.05205	58.166718	40.976078	236.35397	61.296436	292.2015	149.9618	109.04282	270.97678	145.23676	40.00521	73.94219	288.71686	234.73477	206.85654	257.8562	261.4204	83.538	97.326164	60.968	244.63995	60.45882	109.35164	38.69737	259.59137	108.13952
G001707835	70.369	219.80373	22.708391	193.6637	219.13103	62.77351	47.11123	230.30246	200.59738	256.31522	195.18932	0.0	202.50168	121.32019	199.8155	69.934456	69.55503	130.53769	146.78604	69.24501	246.79544	237.85376	189.92416	96.735176	216.5188	108.70413	258.80383	75.13793	316.0579	224.74681	69.7569	180.94536	233.83566	148.22273	286.5443	308.41635	186.43642	262.6712	133.75314	110.512634	229.74843	310.80865	61.57009	234.81744	82.326614	147.75192	217.99184	61.194897	109.16905	140.4596	70.127975	216.6873	430.6593	233.50217	116.66479	321.3514	93.16779	96.26406	79.28479	162.99098	137.162	235.9439	159.94218	133.85558	0.26018175	146.13898	288.91272	165.52893	48.607933	126.81338	67.46658	34.442593	251.37723	70.7511	29.707125	197.17221	265.63962	144.75197	75.78594	54.02282	92.91642	84.8452	46.4088	89.801186	284.71085	32.878254	209.92365	130.51305	169.94165	78.154655	253.58656
G001828545	149.2646	161.0892	240.89824	156.06943	192.76096	266.07904	318.6722	168.24283	273.2737	199.44588	111.35982	202.50168	0.0	151.99504	0.5140858	336.10037	349.9732	153.84393	242.67825	349.10574	149.37941	160.20049	128.5246	248.01471	152.27113	191.60532	202.15536	212.958	195.75694	147.78763	348.03738	228.45212	144.74097	126.956726	366.76617	194.59888	140.81622	204.61633	164.89651	181.4249	160.84879	210.34479	149.37315	146.68222	274.56976	256.4148	152.5038	322.59302	142.28813	254.51102	348.36502	152.12764	338.80612	146.9095	120.06682	202.85669	244.7922	193.08702	218.75056	132.29857	208.26758	144.36433	213.13887	82.9877	203.9108	241.59607	208.7084	140.82588	265.55103	143.20255	345.6832	161.7645	151.33234	319.66724	185.24574	155.80591	191.65025	268.92133	203.16615	179.67105	234.84352	305.7162	131.8256	127.90446	217.54396	276.07224	149.00034	166.81891	143.15123	260.1893	147.05836
G001824645	32.665867	46.46237	138.15366	33.441105	40.621277	166.19772	157.94229	43.343746	277.53006	54.455536	41.820454	121.32019	151.99504	0.0	147.51524	174.68275	202.66391	51.670856	64.21906	201.89226	79.04016	65.29859	46.01245	92.56176	66.272194	89.25308	56.566208	179.03491	81.98761	47.448517	202.41586	21.790747	71.465935	75.73326	339.25726	87.1671	57.809998	57.449017	2.821541	65.32959	44.43074	112.63344	24.743717	75.71308	177.60838	60.57052	67.67391	200.84071	21.45822	219.4912	203.44562	65.817955	169.66933	75.16356	68.90746	84.769844	94.3443	94.51176	180.82661	86.34724	81.97569	66.695305	65.22742	97.01928	120.59813	63.90238	69.824615	27.340433	162.41167	26.495573	199.17935	95.304184	87.15173	187.12308	79.78955	33.287342	62.630573	232.91718	177.72986	151.07451	198.08589	175.80106	35.440628	51.234795	65.01407	161.18336	63.764286	54.97244	27.260988	175.54901	144.2934
G001828415	145.2242	155.95682	237.64966	151.1903	187.52919	262.3681	314.5728	163.52971	271.8389	194.5637	107.542854	199.8155	0.5140858	147.51524	0.0	331.8266	345.77933	148.87563	236.99039	344.88702	144.59865	155.91212	123.61423	242.63733	147.27728	186.94492	197.29782	210.64534	191.50594	142.47963	343.8753	223.61223	140.2361	122.907715	364.0191	189.65604	136.15019	199.65768	160.38002	176.4198	155.83409	204.90256	145.25311	142.23639	270.6635	250.78598	147.50894	318.75925	137.95831	251.63092	344.1891	147.10992	332.82986	142.4038	115.85655	198.48143	239.4103	188.27916	216.6775	127.84006	203.14651	139.71864	207.91028	80.39242	201.18056	235.9261	203.662	135.98013	262.3915	138.7801	341.4946	158.8709	146.6909	315.57446	182.01839	150.96242	187.10312	266.8406	201.12946	177.49483	231.8519	301.73032	128.10837	123.79563	212.71344	272.87866	144.03113	161.47667	138.35033	256.16464	142.954
G001642955	113.835365	283.2582	50.11579	247.73961	262.62842	34.481102	15.361233	298.397	235.93123	306.70493	272.21878	69.934456	336.10037	174.68275	331.8266	0.0	9.244209	166.43803	150.94365	9.115559	320.32825	316.12946	253.99002	78.57042	277.90402	128.53864	308.69424	98.62322	391.7444	287.28586	9.1207	215.59796	313.54767	219.04782	305.66983	372.3576	242.32268	311.718	184.90575	140.20232	296.58224	371.68533	110.37292	315.55896	73.700294	146.66434	279.2121	13.533389	171.52492	157.94576	9.407618	277.44388	465.66528	313.62192	176.5639	396.1891	77.23602	112.7192	111.60571	228.98822	139.02309	314.26004	166.69067	234.60796	70.43441	150.70111	346.72183	222.7352	59.005222	211.96501	8.885452	85.66348	327.15005	16.96798	92.56928	252.25798	323.0309	159.56497	105.67116	103.81893	86.367615	46.629505	98.03594	136.84673	334.65106	25.447739	270.06552	163.14738	224.25917	79.36604	337.74304
G000195185	137.83502	315.88553	49.55743	276.48514	295.11945	40.3155	17.357283	329.54663	242.52469	339.4829	296.36975	69.55503	349.9732	202.66391	345.77933	9.244209	0.0	190.4747	177.83273	0.06915211	356.98874	342.99295	284.17627	94.2703	309.70953	149.32027	341.67642	100.63576	430.1753	323.63242	0.36229944	248.81468	351.0405	250.02481	316.70248	413.77643	269.0195	345.11993	215.37881	163.48863	327.10562	406.31332	130.3078	353.27017	81.39556	172.51723	311.16876	3.9020915	199.25227	162.09859	0.41502285	309.51312	506.73447	351.14084	199.42085	434.71878	92.06291	134.64983	115.000984	252.44186	164.04678	351.44342	195.3727	253.23695	70.30148	177.46281	380.64642	249.40154	60.37781	237.34302	0.090287484	92.995186	363.74048	11.350515	102.217606	281.317	363.42834	165.63145	104.99276	105.79166	83.76885	58.432384	113.43344	160.67664	369.38147	22.568806	301.54813	189.98473	251.4156	82.975395	360.79514
G001804395	58.676563	54.811115	144.9283	56.081482	63.740887	153.27638	155.8869	81.71619	237.28401	91.12054	98.40379	130.53769	153.84393	51.670856	148.87563	166.43803	190.4747	0.0	37.17121	189.66025	63.171074	117.130516	46.981724	55.954674	64.044044	37.555363	93.09308	160.80882	113.79329	56.31807	190.13821	70.39575	76.829414	55.193478	310.32425	96.15866	48.200626	92.9873	54.909958	24.3073	75.30049	98.13122	53.010082	79.49086	163.66269	37.20481	64.460846	183.70735	62.341625	198.74342	190.87267	63.31147	170.01357	79.317924	24.900597	116.64843	56.37427	35.20419	164.44614	71.54662	26.853006	74.86396	24.18237	81.93358	131.69276	36.894176	106.9215	45.57614	171.07924	78.010956	187.64986	106.82792	68.07295	171.99507	95.56727	58.7817	87.69116	200.25957	148.64162	137.71812	157.26186	153.38974	61.98782	42.94914	106.8975	147.86209	60.351643	10.657825	47.575394	140.02693	138.25975
G001804055	73.078255	83.95954	156.8312	76.99212	73.07933	170.39752	141.57347	108.276306	309.6937	107.105515	141.7479	146.78604	242.67825	64.21906	236.99039	150.94365	177.83273	37.17121	0.0	177.21536	107.175026	152.12056	85.59112	32.7962	105.45591	50.14982	108.89375	209.78291	142.30307	82.6439	178.69937	59.25893	113.04731	101.471054	372.94296	127.32621	88.41384	108.293175	65.1373	27.577808	101.92457	119.617096	74.17897	116.51585	178.0084	10.690524	106.17546	181.17822	93.56083	246.24097	179.62547	104.53423	173.0972	115.45184	79.15789	144.48853	35.591434	68.72516	217.83272	128.93428	33.83948	109.7895	21.114952	136.53337	146.73347	0.10359538	125.78714	67.17212	173.7941	91.677864	175.18803	143.67058	113.9507	174.09825	114.345894	79.393486	112.04487	256.36346	195.16496	189.73737	195.01031	161.16032	86.93951	86.604706	124.28115	153.24596	101.01784	36.706333	69.426865	165.84935	209.47603
G000304635	136.90202	314.8682	49.054276	275.93573	294.56967	39.71569	17.292671	328.98547	241.18282	339.0123	295.66068	69.24501	349.10574	201.89226	344.88702	9.115559	0.06915211	189.66025	177.21536	0.0	355.54935	342.52853	283.0944	93.80243	308.42532	148.24867	341.20865	99.63159	429.26376	322.43716	0.3348721	248.28668	349.5681	248.576	315.0726	412.66577	267.9888	344.64444	214.57532	162.6612	326.4998	405.34787	129.48715	351.7831	80.30088	172.07474	309.88565	3.813207	198.3282	160.67966	0.3773273	308.2351	506.09998	349.62448	198.28137	433.87683	91.51622	133.50313	113.92191	250.97577	163.08273	350.14157	194.56424	252.05165	69.997856	176.8574	380.1237	248.85963	59.900932	236.59117	0.09610802	92.098274	362.23502	11.103057	102.0338	280.75787	362.31757	164.49506	104.06046	104.761856	82.92457	57.704277	112.65228	159.62474	368.88455	22.32029	300.2718	188.97725	250.8447	81.94218	359.36462
G001806075	112.40745	50.76378	262.50864	88.991035	93.44273	278.12677	306.8679	91.543976	322.215	111.39525	98.775665	246.79544	149.37941	79.04016	144.59865	320.32825	356.98874	63.171074	107.175026	355.54935	0.0	125.148994	46.19205	167.24289	52.506298	111.262665	114.39685	262.5617	73.20778	18.962214	354.70367	107.881035	14.586511	46.040146	377.48474	34.44288	59.909973	113.28272	79.85294	89.51728	86.00492	66.58275	114.367455	15.934276	267.6432	117.91606	52.40513	344.59827	91.15561	284.03308	355.5769	52.1358	170.43146	15.768628	70.26069	77.363014	166.82008	123.07567	267.76553	84.381714	100.46181	13.274617	84.57617	81.7904	246.98062	107.408295	114.089134	84.73099	284.015	86.745056	353.05917	196.43036	1.4921162	325.49448	199.0627	88.83987	56.166348	298.9938	249.64386	236.48805	271.58875	282.42816	127.784	94.9656	119.86658	296.51288	51.031734	64.62122	86.05976	262.289	116.948395
G001873945	133.04002	87.273605	279.86737	36.099026	48.190933	310.87592	304.17313	31.67055	405.36868	36.39261	46.744778	237.85376	160.20049	65.29859	155.91212	316.12946	342.99295	117.130516	152.12056	342.52853	125.148994	0.0	99.88317	211.19426	124.430405	209.09999	37.2917	315.4744	73.804474	77.8199	344.69077	70.4855	120.56571	169.51782	479.68042	101.05465	113.22219	37.671867	72.66237	162.65431	30.479908	113.51616	126.53295	127.62585	326.78943	145.03493	126.21103	340.59286	101.72458	352.72037	345.92758	123.2372	148.60518	127.53459	156.1644	75.372475	215.67252	212.65575	320.5558	176.1641	189.53677	107.3209	150.18335	173.66293	236.81729	151.45876	38.105446	37.586018	298.94287	96.95376	339.15097	219.14992	136.65182	330.86203	173.25832	34.780876	100.28875	369.24313	308.64423	282.3493	322.79092	329.46707	135.24588	144.77594	41.26071	301.48856	123.47102	135.60109	38.681866	316.4521	212.9764
G001804045	67.8177	25.707817	204.85527	52.39299	61.279274	226.80441	233.07317	61.497833	285.23297	80.36459	48.289158	189.92416	128.5246	46.01245	123.61423	253.99002	284.17627	46.981724	85.59112	283.0944	46.19205	99.88317	0.0	116.383766	13.16218	76.17533	83.82174	215.33055	58.757275	29.646126	282.63022	73.833084	51.499428	59.27862	353.50955	71.53551	14.093697	83.2933	45.29164	68.49249	52.578915	100.192375	65.24217	55.319485	225.52925	86.62895	13.561999	278.2863	51.49907	247.62271	283.35312	12.972259	152.3785	55.316795	52.06273	63.269356	117.02652	92.56078	213.16873	36.65514	68.03559	48.419056	56.240273	80.677635	190.08333	85.23948	87.18948	46.68713	226.3328	58.73632	280.29926	135.4233	52.083252	253.39612	144.7932	52.880634	42.895126	252.9584	202.9505	183.69998	232.01564	219.71082	77.16183	68.22913	91.47212	223.95058	12.173152	46.341515	46.812653	219.65327	62.46784
G001804105	67.048195	134.82547	91.827675	127.93546	133.28542	98.5395	71.10828	172.45093	245.34555	178.5942	173.4682	96.735176	248.01471	92.56176	242.63733	78.57042	94.2703	55.954674	32.7962	93.80243	167.24289	211.19426	116.383766	0.0	140.68454	35.268566	180.87097	136.31218	233.74487	144.53761	94.496574	113.66256	173.3365	116.79086	314.33875	215.4405	113.041695	181.34543	96.64069	34.58885	162.8152	200.98184	61.92287	175.94948	112.26262	34.09761	141.42702	97.28958	102.0585	176.13579	94.937294	140.0528	278.2032	174.61438	78.3659	238.19446	1.3400426	47.14138	144.5099	122.864075	32.949924	173.63979	46.002117	141.77316	97.6354	32.673805	206.1881	109.44095	108.4204	118.64963	92.35411	91.634254	172.48227	86.01679	85.63711	132.24951	181.54947	184.65775	123.652405	123.22519	119.42974	90.16781	65.30163	75.91543	202.66809	77.480446	134.39313	55.638695	111.746086	98.98439	210.48808
G001804065	82.411865	44.991146	230.7238	78.444695	88.59439	244.39876	258.04883	83.03804	290.65845	104.54726	61.312683	216.5188	152.27113	66.272194	147.27728	277.90402	309.70953	64.044044	105.45591	308.42532	52.506298	124.430405	13.16218	140.68454	0.0	89.8146	108.34064	227.51283	64.1598	35.399235	307.09485	94.14403	52.789146	63.735657	349.0758	76.5352	8.237551	107.82759	64.05213	92.840195	75.19751	119.98328	84.31002	55.65821	229.091	111.87843	0.2365404	304.4698	68.30703	257.12784	307.81866	0.19622464	171.90504	55.93757	62.73825	69.4086	140.77351	106.026634	222.43845	31.038942	81.43695	50.5794	70.97343	93.064064	216.28004	105.399506	109.09467	74.95365	238.75189	73.295746	305.6759	149.70183	58.57586	272.9556	179.87541	78.25983	44.717766	257.9261	215.21626	196.2521	248.7508	224.63153	96.7089	85.01962	113.89333	245.85678	0.39572498	59.923393	73.13538	241.75888	47.166668
G001804125	52.74369	105.399895	109.78476	126.27972	135.64091	106.859795	117.0467	165.53728	190.63634	180.51108	154.96666	108.70413	191.60532	89.25308	186.94492	128.53864	149.32027	37.555363	50.14982	148.24867	111.262665	209.09999	76.17533	35.268566	89.8146	0.0	183.59258	113.34034	193.79758	106.28069	147.34288	125.3914	119.4056	59.216064	247.89769	173.99008	75.04273	183.79248	90.25536	19.758383	155.55621	183.39247	56.136524	120.81342	101.47334	60.190884	90.2437	141.14417	81.561356	142.68199	147.79504	89.77088	267.98087	119.80916	32.841415	198.36203	32.473515	22.37322	115.712105	67.52097	12.261555	123.50854	32.448574	83.45311	109.943954	49.856434	204.39017	107.93818	118.7426	100.77925	146.8046	78.11042	113.62334	127.35137	101.58533	129.63321	136.63629	147.4152	102.47967	95.72489	114.41027	96.695564	58.494453	47.140255	203.21346	105.27978	84.98811	33.16074	110.19169	96.14214	139.58525
G001825635	132.58289	55.788097	290.61124	11.019846	12.463401	315.92126	297.29456	10.466838	415.25015	0.44506076	55.796337	258.80383	202.15536	56.566208	197.29782	308.69424	341.67642	93.09308	108.89375	341.20865	114.39685	37.2917	83.82174	180.87097	108.34064	183.59258	0.0	333.26016	44.416588	64.29237	343.4264	36.106262	117.256035	168.97755	488.55057	72.67102	98.495636	0.5210928	58.89699	140.97223	13.458208	86.29751	129.16708	125.46215	330.54044	100.57513	109.951294	342.26257	103.00739	363.99814	344.7599	106.92836	83.3531	125.374146	156.15746	43.387863	187.10812	194.58482	338.0363	178.89359	151.05727	101.81286	104.679665	192.40422	258.14767	108.31142	6.870645	20.51079	311.6313	102.53241	337.99197	241.27255	127.60001	329.21362	177.68422	9.538183	68.310814	377.60712	324.64136	306.53104	334.4972	323.6493	146.86	144.58846	3.0661814	304.6034	107.58843	108.89401	17.852852	321.9246	227.75212
G001828265	103.217674	259.66513	54.642014	261.1244	290.10934	34.73566	94.34382	302.36346	78.34899	330.013	239.44284	75.13793	212.958	179.03491	210.64534	98.62322	100.63576	160.80882	209.78291	99.63159	262.5617	315.4744	215.33055	136.31218	227.51283	113.34034	333.26016	0.0	371.0643	260.90887	95.94121	260.51917	254.74109	143.37465	135.98402	339.73874	203.3115	336.46594	189.94643	144.35497	296.99783	362.2247	96.55276	254.3579	41.168526	213.34775	228.33261	79.163246	145.87491	47.85781	95.598114	227.80261	501.38962	253.55843	120.22608	377.43338	128.15303	93.74284	11.150826	149.9194	147.98569	262.47476	195.47363	135.07828	77.0584	209.28777	364.71683	233.922	66.28535	187.5119	98.95878	38.422806	264.1491	74.46731	112.56867	264.183	299.2491	42.062477	19.37794	14.967803	39.71406	61.456966	78.47545	89.237404	356.90262	62.28293	221.26682	157.76161	235.68863	43.204098	226.43526
G001871815	155.00383	49.159184	347.58484	51.430115	50.931698	374.53265	372.9913	38.410225	436.58096	42.280003	66.76193	316.0579	195.75694	81.98761	191.50594	391.7444	430.1753	113.79329	142.30307	429.26376	73.20778	73.804474	58.757275	233.74487	64.1598	193.79758	44.416588	371.0643	0.0	39.02261	429.82288	73.38438	71.2747	141.50735	502.28693	38.96719	74.62167	43.51751	80.1621	161.88445	40.155743	82.508514	160.21352	77.78711	371.73724	147.74838	65.1905	425.39133	118.72207	399.4065	431.17236	63.52719	81.35377	78.18295	153.82431	2.4342027	238.50471	215.90193	370.53275	146.62013	165.28946	59.59736	117.35972	175.61514	314.84863	141.98734	38.977913	61.514885	361.33704	101.21589	425.86542	273.8295	83.490814	406.2183	241.11354	48.439663	26.928196	406.7816	357.4719	337.527	384.12076	371.63553	179.82086	167.63821	41.068882	374.33432	65.43395	118.21253	58.79332	376.9955	169.66331
G001806055	88.000595	31.268816	245.52771	46.85183	50.487312	263.01538	273.52588	49.066666	336.9112	61.837738	58.453682	224.74681	147.78763	47.448517	142.47963	287.28586	323.63242	56.31807	82.6439	322.43716	18.962214	77.8199	29.646126	144.53761	35.399235	106.28069	64.29237	260.90887	39.02261	0.0	322.55	64.47468	18.98536	59.34709	391.75104	28.426516	42.780613	63.60727	48.18646	81.97303	43.74241	59.300816	92.741	22.005186	255.864	93.27606	35.90358	317.32327	67.93502	287.86456	323.67825	34.8055	128.48106	21.98252	74.40276	42.659847	146.24422	122.23732	265.53363	82.06263	91.09616	14.054474	66.884544	96.44026	224.14143	82.60203	65.88681	45.78747	258.21994	60.571636	319.65256	180.4042	24.78322	297.3022	173.09407	46.114803	28.90821	303.32864	250.59935	231.81673	269.96002	264.8669	105.2398	92.43957	69.41149	271.54123	34.561005	57.379417	45.85395	262.23242	114.872795
G000338295	136.5327	315.2708	48.0078	277.70306	296.74216	37.47355	17.008396	330.83267	235.40366	341.179	295.98203	69.7569	348.03738	202.41586	343.8753	9.1207	0.36229944	190.13821	178.69937	0.3348721	354.70367	344.69077	282.63022	94.496574	307.09485	147.34288	343.4264	95.94121	429.82288	322.55	0.0	249.90929	348.88782	246.949	308.64377	412.63623	266.83087	346.85098	214.91666	163.07301	328.25156	406.50357	128.97087	351.0232	77.2886	173.66435	308.48373	3.4698725	198.00647	156.52596	0.08695483	306.868	509.1215	348.89304	197.43462	434.5886	92.112206	132.79619	109.9453	248.3792	162.85483	349.63632	195.05766	249.94312	70.5104	178.3473	382.43863	250.64594	58.152004	236.24033	0.38975972	90.35166	361.31985	10.0594225	103.17679	282.52774	362.4596	158.99908	100.59548	101.87293	80.89107	54.770233	112.17802	158.77084	370.94702	21.535585	298.90982	189.35156	252.45944	80.162735	356.41534
G001825665	71.02365	56.213028	199.52002	29.31433	23.723745	228.22949	199.15692	37.94974	355.96097	34.804134	70.169014	180.94536	228.45212	21.790747	223.61223	215.59796	248.81468	70.39575	59.25893	248.28668	107.881035	70.4855	73.833084	113.66256	94.14403	125.3914	36.106262	260.51917	73.38438	64.47468	249.90929	0.0	103.7165	126.27187	419.24313	88.141785	84.36593	36.00319	18.00029	88.905914	41.20078	110.10285	68.62021	109.356186	242.32265	49.576614	95.60744	253.11295	57.556057	296.3768	251.22412	93.12253	125.57185	109.16716	117.44468	73.02568	118.58579	133.91217	262.34702	142.99391	101.87141	94.28719	67.832436	164.12944	179.70384	59.00975	49.36529	30.458767	223.187	58.195183	245.52419	169.38622	119.4966	239.5815	117.47362	28.59374	64.45633	308.72205	254.67244	234.29922	270.64575	227.54	90.075935	97.83038	40.047657	214.08089	92.24015	75.28338	29.054823	239.09377	210.15955
G001805775	100.73562	58.565285	251.50864	91.415985	97.373566	270.14688	299.9672	93.14392	324.73975	114.20293	89.72632	233.83566	144.74097	71.465935	140.2361	313.54767	351.0405	76.829414	113.04731	349.5681	14.586511	120.56571	51.499428	173.3365	52.789146	119.4056	117.256035	254.74109	71.2747	18.98536	348.88782	103.7165	0.0	39.30363	376.08948	34.381016	62.90302	116.69402	71.810616	98.493645	88.718666	78.16349	106.564705	0.77768517	256.69333	129.09633	53.170628	338.98737	81.52376	282.48996	349.94772	52.850765	188.25014	0.5970301	72.88649	75.43894	172.9564	129.33975	257.00006	84.371994	113.21099	2.7308333	96.98533	81.35571	233.58073	113.26313	119.73472	86.76108	269.66922	70.40955	346.84933	181.70543	15.89696	320.71152	191.34514	90.48493	48.420296	298.0428	245.09186	224.35013	272.49106	274.51895	117.099144	95.85	122.673004	289.57388	51.7951	73.32096	87.29626	264.69647	115.985
G001805895	58.752445	85.16851	155.00372	118.30375	130.4005	162.37776	206.55171	139.93152	212.95038	165.46655	118.42768	148.22273	126.956726	75.73326	122.907715	219.04782	250.02481	55.193478	101.471054	248.576	46.040146	169.51782	59.27862	116.79086	63.735657	59.216064	168.97755	143.37465	141.50735	59.34709	246.949	126.27187	39.30363	0.0	263.3643	96.67694	64.06778	169.4843	76.1496	56.528183	132.56967	137.19975	63.66228	38.208332	150.1191	113.98607	63.94807	233.20026	62.97108	176.36589	247.62608	63.899788	270.82056	37.97261	27.876816	147.33684	113.31252	55.992245	144.12035	48.93256	67.813286	45.476624	79.46697	43.999805	148.94524	101.654854	184.70293	103.03564	172.50633	72.86102	246.5345	98.08444	45.466736	218.09497	128.44058	119.43724	92.079895	185.9684	139.95662	119.256065	168.62602	164.0557	68.19958	40.30489	182.58061	185.35628	60.847176	46.278343	105.09554	154.61823	102.79638
G000284115	260.82495	391.47574	250.63298	423.89267	449.1074	192.44794	309.93723	456.3615	89.93273	485.19302	391.80338	286.5443	366.76617	339.25726	364.0191	305.66983	316.70248	310.32425	372.94296	315.0726	377.48474	479.68042	353.50955	314.33875	349.0758	247.89769	488.55057	135.98402	502.28693	391.75104	308.64377	419.24313	376.08948	263.3643	0.0	464.35217	337.07422	490.96036	344.17856	298.77887	456.07584	494.51978	260.8942	375.11478	162.0126	380.92715	349.35077	289.54538	287.8887	94.416046	308.10553	349.49225	633.05084	374.75632	255.56516	509.77258	304.88693	240.72675	143.91905	273.444	287.1753	387.33755	339.72342	266.13855	288.87045	372.91858	514.49713	402.96738	245.27386	338.78687	314.9183	213.1623	375.7806	267.50092	314.66754	424.8429	430.07718	101.575676	156.09055	169.27126	178.07753	215.11887	252.51848	218.40929	508.27573	267.06473	344.35104	305.05222	400.6377	190.58809	334.81793
G001805765	151.26253	58.345047	330.63455	70.22674	68.85621	344.35352	363.9052	67.56693	408.84134	71.022736	95.96516	308.41635	194.59888	87.1671	189.65604	372.3576	413.77643	96.15866	127.32621	412.66577	34.44288	101.05465	71.53551	215.4405	76.5352	173.99008	72.67102	339.73874	38.96719	28.426516	412.63623	88.141785	34.381016	96.67694	464.35217	0.0	84.72737	71.46708	85.56677	139.71318	64.24006	54.04552	156.1541	38.0274	339.5111	135.70856	76.93858	405.24036	122.47369	363.7944	413.77234	75.88846	113.860176	38.08382	127.32152	39.059277	218.53897	183.92953	344.02795	143.03076	144.93349	26.68295	106.17127	146.20811	307.71915	127.42829	70.84131	76.3085	346.53674	110.58439	409.72415	262.02478	39.388184	385.9869	240.13861	67.83061	43.00649	380.36053	329.7434	313.89984	351.46323	348.15167	174.50975	144.7633	72.48725	361.27954	76.675964	95.06979	74.83487	341.64813	180.42537
G001804165	71.47159	48.232533	202.16187	65.88702	79.70073	216.61162	223.54771	76.35496	269.98083	95.13874	53.14367	186.43642	140.81622	57.809998	136.15019	242.32268	269.0195	48.200626	88.41384	267.9888	59.909973	113.22219	14.093697	113.041695	8.237551	75.04273	98.495636	203.3115	74.62167	42.780613	266.83087	84.36593	62.90302	64.06778	337.07422	84.72737	0.0	98.033844	57.35262	77.889694	68.078674	116.47615	69.17997	66.196495	205.50536	91.63437	8.421379	264.49908	63.824577	235.96109	267.5076	8.198893	171.62042	66.28881	50.805355	79.90726	113.233864	89.58702	198.4628	27.921835	66.70076	59.788445	58.83164	81.79531	186.48045	88.21298	101.459045	60.95392	210.68684	72.09524	265.26147	128.41377	66.17767	235.47688	153.75148	66.25533	57.632267	234.66487	187.95778	172.95006	216.66594	197.68324	79.15904	70.812706	106.0981	209.25912	7.6341624	49.904808	59.215206	211.27307	49.69476
G001825655	134.22084	54.927406	294.44876	11.1287365	11.975564	319.0502	300.60535	10.83991	418.2001	0.5181139	56.68084	262.6712	204.61633	57.449017	199.65768	311.718	345.11993	92.9873	108.293175	344.64444	113.28272	37.671867	83.2933	181.34543	107.82759	183.79248	0.5210928	336.46594	43.51751	63.60727	346.85098	36.00319	116.69402	169.4843	490.96036	71.46708	98.033844	0.0	59.515907	140.86732	13.140572	84.59729	130.66954	124.9268	333.082	99.8121	109.405136	345.75372	104.53905	366.80905	348.15637	106.39211	79.951096	124.86433	156.57635	42.41999	187.76387	195.39864	341.42966	179.07849	150.79004	101.4615	103.670815	193.63078	262.06042	107.698395	6.2594175	20.702627	314.72937	103.61967	341.43094	244.28421	126.494576	332.2531	181.01514	9.644078	67.70263	380.5171	327.45068	309.86462	337.52203	326.0364	149.05788	145.68643	2.8898957	308.09387	107.075806	108.821335	18.167368	324.96518	227.60832
G001825715	35.181362	44.445827	148.7594	36.139038	40.653057	175.82164	166.67587	46.525803	283.54526	56.642056	46.710896	133.75314	164.89651	2.821541	160.38002	184.90575	215.37881	54.909958	65.1373	214.57532	79.85294	72.66237	45.29164	96.64069	64.05213	90.25536	58.89699	189.94643	80.1621	48.18646	214.91666	18.00029	71.810616	76.1496	344.17856	85.56677	57.35262	59.515907	0.0	67.30592	47.93205	114.273056	27.969042	76.05572	185.71202	60.1703	65.40683	214.2138	22.38763	228.9427	216.02484	63.61811	166.2617	75.604416	71.171455	82.645996	98.744774	97.166885	189.7063	85.894	81.66969	67.629326	64.27775	103.632034	132.92805	64.8467	72.98764	31.016415	172.4341	27.70456	211.87535	104.17506	88.088844	197.43718	89.12125	35.780636	58.10561	239.41885	187.77687	162.10223	211.6078	180.92589	42.189503	54.72098	66.45144	171.5602	61.776737	56.590782	30.316183	183.20642	145.26253
G001804005	49.179466	83.219475	117.60195	91.46335	94.74424	128.19261	128.3358	127.348274	234.96115	138.33234	137.0737	110.512634	181.4249	65.32959	176.4198	140.20232	163.48863	24.3073	27.577808	162.6612	89.51728	162.65431	68.49249	34.58885	92.840195	19.758383	140.97223	144.35497	161.88445	81.97303	163.07301	88.905914	98.493645	56.528183	298.77887	139.71318	77.889694	140.86732	67.30592	0.0	118.14247	139.39188	50.98971	99.91051	136.20856	34.09318	93.266426	156.49614	68.989746	179.97581	163.66588	92.441895	223.77458	99.30488	34.77506	165.41077	33.70627	31.844387	150.98239	87.13019	19.615137	100.16696	26.87932	80.22055	111.325485	27.308746	161.233	73.81163	144.23633	80.26352	160.88835	95.092255	92.37838	151.24706	88.195625	95.06518	114.947296	191.58455	133.96806	123.33425	142.84685	131.02687	56.89339	47.272583	159.56778	122.95697	88.03769	24.239468	78.52473	111.184715	163.00728
G000296795	110.76148	36.585938	262.51926	9.009314	13.9483795	293.02206	280.04596	8.790543	380.60223	12.397012	37.203575	229.74843	160.84879	44.43074	155.83409	296.58224	327.10562	75.30049	101.92457	326.4998	86.00492	30.479908	52.578915	162.8152	75.19751	155.55621	13.458208	296.99783	40.155743	43.74241	328.25156	41.20078	88.718666	132.56967	456.07584	64.24006	68.078674	13.140572	47.93205	118.14247	0.0	72.05845	102.39685	95.652985	304.1724	95.3959	76.52704	326.1301	80.04916	331.51593	329.42368	74.04521	94.24253	95.62711	122.15021	40.864956	167.4832	165.11925	299.62933	131.79115	131.27124	75.672	92.644165	150.7967	229.21872	101.29458	14.216339	11.105475	285.8821	77.70328	323.25858	203.18034	97.254166	309.20523	157.31073	8.555056	60.359978	345.04623	288.0629	264.96378	306.68475	298.70547	117.81361	117.48652	17.470984	281.93576	74.54129	87.48695	11.894676	292.74057	170.15395
G001871865	189.43782	66.093056	335.57437	79.78294	77.759224	361.9424	360.7691	80.8527	432.11627	85.59119	126.62628	310.80865	210.34479	112.63344	204.90256	371.68533	406.31332	98.13122	119.617096	405.34787	66.58275	113.51616	100.192375	200.98184	119.98328	183.39247	86.29751	362.2247	82.508514	59.300816	406.50357	110.10285	78.16349	137.19975	494.51978	54.04552	116.47615	84.59729	114.273056	139.39188	72.05845	0.0	176.30348	83.79572	361.3382	125.36784	120.00436	400.1693	159.72096	391.28683	407.8995	118.594124	108.74586	82.5496	147.43315	82.604385	205.37431	195.42522	373.89832	180.33487	154.62866	67.57261	115.96565	160.7741	311.26346	119.555466	78.10178	81.74483	358.87723	137.49953	402.6452	285.85773	73.251976	385.95303	246.94249	79.27018	109.33099	406.21674	345.55173	338.43933	358.7763	364.35107	194.9934	173.82216	91.96271	364.8678	117.55556	110.045616	84.28517	340.53494	231.01048
G001828345	15.309111	85.00469	67.93763	82.153435	96.502174	91.82166	91.17558	104.1873	195.13223	126.21686	79.46007	61.57009	149.37315	24.743717	145.25311	110.37292	130.3078	53.010082	74.17897	129.48715	114.367455	126.53295	65.24217	61.92287	84.31002	56.136524	129.16708	96.55276	160.21352	92.741	128.97087	68.62021	106.564705	63.66228	260.8942	156.1541	69.17997	130.66954	27.969042	50.98971	102.39685	176.30348	0.0	108.67999	104.00821	69.755844	85.5923	126.25839	21.585245	144.13968	129.64134	84.419044	268.19434	108.014145	46.699196	165.48756	60.31699	53.688053	95.47503	64.23992	66.49369	107.34404	74.09687	76.060646	61.74114	73.91807	149.0943	65.587944	97.18892	41.545902	127.24788	31.450962	119.97632	111.94277	46.2371	84.118866	118.594185	148.9454	98.12272	72.18589	124.32847	98.84019	5.685395	26.350145	144.41481	85.340096	80.454796	53.540363	67.08208	95.86763	130.63857
G001805605	102.30944	64.01799	252.09572	97.929474	104.00383	270.72385	302.1003	100.43772	324.86514	122.31359	95.72379	234.81744	146.68222	75.71308	142.23639	315.55896	353.27017	79.49086	116.51585	351.7831	15.934276	127.62585	55.319485	175.94948	55.65821	120.81342	125.46215	254.3579	77.78711	22.005186	351.0232	109.356186	0.77768517	38.208332	375.11478	38.0274	66.196495	124.9268	76.05572	99.91051	95.652985	83.79572	108.67999	0.0	257.21432	133.21532	55.982418	340.9244	83.73897	282.39093	352.08533	55.780155	198.04718	0.5221019	73.05152	82.18578	175.34073	129.52676	256.16165	85.18395	115.70127	3.9520094	100.72189	81.400894	234.56064	116.782	128.46542	92.64534	271.47	73.46165	349.05893	181.94843	16.726288	322.60727	193.62988	97.06574	52.406708	298.21634	245.13751	223.64645	273.2372	275.40115	118.924805	96.684235	131.15695	290.94708	54.61353	75.69121	93.15373	264.9208	116.73787
G001464525	98.09024	267.47415	60.28321	263.2294	284.50427	30.353823	78.42801	306.7824	137.81435	327.45868	253.47397	82.326614	274.56976	177.60838	270.6635	73.700294	81.39556	163.66269	178.0084	80.30088	267.6432	326.78943	225.52925	112.26262	229.091	101.47334	330.54044	41.168526	371.73724	255.864	77.2886	242.32265	256.69333	150.1191	162.0126	339.5111	205.50536	333.082	185.71202	136.20856	304.1724	361.3382	104.00821	257.21432	0.0	186.75943	229.95218	68.664375	153.77863	62.951504	77.15139	228.98589	492.79938	255.59404	135.80939	377.84546	105.24573	95.09209	50.71424	168.27376	133.10872	264.2705	174.8092	156.11359	83.03415	177.93988	363.99036	238.48784	39.80047	191.55423	79.88886	60.953102	270.28384	62.69296	122.40773	265.17444	292.94632	84.42487	55.073166	51.770046	57.174294	33.469097	89.25086	98.84504	353.3578	55.571373	222.33772	156.0892	238.73782	57.77201	251.07971
G001804155	75.90102	80.13866	152.12971	70.086754	63.77293	171.37666	135.21346	100.63902	311.09314	98.91112	136.39243	147.75192	256.4148	60.57052	250.78598	146.66434	172.51723	37.20481	10.690524	172.07474	117.91606	145.03493	86.62895	34.09761	111.87843	60.190884	100.57513	213.34775	147.74838	93.27606	173.66435	49.576614	129.09633	113.98607	380.92715	135.70856	91.63437	99.8121	60.1703	34.09318	95.3959	125.36784	69.755844	133.21532	186.75943	0.0	112.727264	177.96637	88.611534	247.89043	174.61133	110.8438	172.82085	132.34677	86.159744	149.67093	37.351105	72.77323	219.36987	134.03151	41.3638	124.449295	27.11238	153.13246	148.14423	10.6614685	118.53664	61.339428	177.94237	94.33291	170.01175	145.78952	125.33914	166.10912	103.92182	73.16124	118.74565	257.32916	198.55557	193.73651	200.75974	162.92786	87.03925	85.935844	114.235886	147.97177	107.2819	42.353367	62.99577	164.33737	217.2503
G001804305	83.468666	45.75001	231.95927	79.84192	90.07583	245.35129	259.4874	84.52331	290.93414	106.15441	62.550846	217.99184	152.5038	67.67391	147.50894	279.2121	311.16876	64.460846	106.17546	309.88565	52.40513	126.21103	13.561999	141.42702	0.2365404	90.2437	109.951294	228.33261	65.1905	35.90358	308.48373	95.60744	53.170628	63.94807	349.35077	76.93858	8.421379	109.405136	65.40683	93.266426	76.52704	120.00436	85.5923	55.982418	229.95218	112.727264	0.0	305.72424	69.37136	257.42422	309.2163	0.21996677	173.05646	56.281662	63.006214	70.424736	141.46716	106.24251	223.28865	31.099989	81.82334	50.939896	71.45015	92.91942	217.74484	106.12967	110.63205	76.29675	240.46225	74.51284	307.13376	151.05179	58.404015	274.3303	181.41815	79.69227	45.887104	258.68155	215.96056	197.12843	249.10266	225.57867	98.01363	85.60767	115.46869	247.21643	0.38700202	60.273445	74.47921	242.42513	46.732872
G001027925	131.88242	311.76822	40.883083	275.03403	295.87106	29.309093	20.98404	328.6493	213.69986	339.94647	291.2988	61.194897	322.59302	200.84071	318.75925	13.533389	3.9020915	183.70735	181.17822	3.813207	344.59827	340.59286	278.2863	97.28958	304.4698	141.14417	342.26257	79.163246	425.39133	317.32327	3.4698725	253.11295	338.98737	233.20026	289.54538	405.24036	264.49908	345.75372	214.2138	156.49614	326.1301	400.1693	126.25839	340.9244	68.664375	177.96637	305.72424	0.0	193.81993	139.23767	3.3606074	304.29614	510.5796	338.82367	185.54433	430.12036	94.07011	125.216965	94.549774	241.93112	159.83249	340.50888	194.78085	231.39003	62.242474	180.71956	381.7037	247.22124	52.76745	230.8089	3.8401606	82.158516	350.34818	12.130419	96.04909	279.71997	357.45587	143.36906	84.07968	85.65843	64.13675	55.461174	106.94955	148.04791	369.9231	19.605064	296.09564	183.71329	249.37614	68.300186	349.62012
G001999965	24.566685	62.63645	118.45703	67.72153	77.49092	142.038	152.58841	78.10253	240.25214	99.81368	59.23832	109.16905	142.28813	21.45822	137.95831	171.52492	199.25227	62.341625	93.56083	198.3282	91.15561	101.72458	51.49907	102.0585	68.30703	81.561356	103.00739	145.87491	118.72207	67.93502	198.00647	57.556057	81.52376	62.97108	287.8887	122.47369	63.824577	104.53905	22.38763	68.989746	80.04916	159.72096	21.585245	83.73897	153.77863	88.611534	69.37136	193.81993	0.0	184.64044	198.82004	68.16409	231.83824	83.60728	57.38758	122.12763	101.53074	83.07938	145.58475	70.40747	85.638504	80.87187	84.20831	87.068436	108.60327	93.180405	120.35256	56.371185	153.89067	27.36806	195.76616	71.33539	97.4658	176.5156	71.49538	68.31272	78.87669	198.66283	151.4965	118.81731	177.68903	154.06061	29.993082	38.83815	112.86385	148.43141	65.74606	62.981102	57.120575	152.41003	118.684494
G000171775	145.2222	285.28317	112.31806	296.2555	323.59088	83.25367	159.97491	333.49692	83.38081	360.8236	273.17523	140.4596	254.51102	219.4912	251.63092	157.94576	162.09859	198.74342	246.24097	160.67966	284.03308	352.72037	247.62271	176.13579	257.12784	142.68199	363.99814	47.85781	399.4065	287.86456	156.52596	296.3768	282.48996	176.36589	94.416046	363.7944	235.96109	366.80905	228.9427	179.97581	331.51593	391.28683	144.13968	282.39093	62.951504	247.89043	257.42422	139.23767	184.64044	0.0	156.03473	257.1161	529.2338	281.67795	162.04121	406.5362	166.58124	132.92546	53.49848	182.11327	178.85664	290.78464	227.09984	168.26709	142.54515	245.95576	393.08752	272.57715	117.051735	226.72606	160.10542	94.54052	283.90497	123.30515	168.6285	298.12375	325.46848	60.08927	56.980053	64.51245	66.79338	113.099335	127.70104	123.53266	385.10977	119.112595	251.10922	194.06027	272.08386	77.47717	252.56331
G000346315	137.09871	316.22107	48.167435	278.8299	297.92123	37.41104	17.308464	332.07312	235.12746	342.45914	296.72385	70.127975	348.36502	203.44562	344.1891	9.407618	0.41502285	190.87267	179.62547	0.3773273	355.5769	345.92758	283.35312	94.937294	307.81866	147.79504	344.7599	95.598114	431.17236	323.67825	0.08695483	251.22412	349.94772	247.62608	308.10553	413.77234	267.5076	348.15637	216.02484	163.66588	329.42368	407.8995	129.64134	352.08533	77.15139	174.61133	309.2163	3.3606074	198.82004	156.03473	0.0	307.6127	510.52383	349.95938	197.91452	435.97412	92.49756	133.24103	109.67168	248.79279	163.36855	350.733	195.83995	250.2939	70.88911	179.26999	383.77402	251.71492	58.2929	237.28293	0.45291492	90.55844	362.12604	10.026575	103.81529	283.646	363.60284	158.69522	100.35514	101.622894	80.5814	54.88377	112.77508	159.1447	372.29092	21.607178	299.6393	190.04398	253.51892	79.88482	356.722
G001804255	82.26922	44.131603	230.88208	77.25245	87.398	244.23907	257.8565	82.04789	291.0283	103.20207	60.957726	216.6873	152.12764	65.817955	147.10992	277.44388	309.51312	63.31147	104.53423	308.2351	52.1358	123.2372	12.972259	140.0528	0.19622464	89.77088	106.92836	227.80261	63.52719	34.8055	306.868	93.12253	52.850765	63.899788	349.49225	75.88846	8.198893	106.39211	63.61811	92.441895	74.04521	118.594124	84.419044	55.780155	228.98589	110.8438	0.21996677	304.29614	68.16409	257.1161	307.6127	0.0	170.51837	56.061596	62.863556	68.6257	140.26521	105.67347	222.90866	31.413214	81.060265	50.502655	70.272934	93.31462	216.41667	104.478836	107.78139	73.87145	238.68549	73.04115	305.48758	150.24043	58.333714	272.92377	179.59224	77.068184	44.728523	258.33936	215.59625	196.76958	248.86569	224.32008	96.83142	84.895226	112.40945	245.94057	0.34239718	59.28308	72.05637	241.94092	47.913177
G001730085	269.28278	111.0967	469.85205	105.40693	90.01829	482.93835	460.2936	101.81957	564.6529	83.13749	174.13387	430.6593	338.80612	169.66933	332.82986	465.66528	506.73447	170.01357	173.0972	506.09998	170.43146	148.60518	152.3785	278.2032	171.90504	267.98087	83.3531	501.38962	81.35377	128.48106	509.1215	125.57185	188.25014	270.82056	633.05084	113.860176	171.62042	79.951096	166.2617	223.77458	94.24253	108.74586	268.19434	198.04718	492.79938	172.82085	173.05646	510.5796	231.83824	529.2338	510.52383	170.51837	0.0	197.93352	255.47574	75.46989	288.0113	298.6604	507.5736	278.3733	210.86174	171.06746	146.12427	308.74905	429.64417	172.55887	66.92901	118.55273	476.03098	216.51114	503.2745	409.53198	183.8688	492.59744	345.4261	102.63439	121.7128	531.3042	482.76727	476.73386	491.5127	476.24075	295.8116	273.99902	82.68668	478.24704	172.47346	178.43582	119.513275	476.8948	321.2129
G001805845	101.78443	63.66573	250.55795	97.81865	104.167	269.13788	300.19815	100.327705	324.72302	122.20628	95.47978	233.50217	146.9095	75.16356	142.4038	313.62192	351.14084	79.317924	115.45184	349.62448	15.768628	127.53459	55.316795	174.61438	55.93757	119.80916	125.374146	253.55843	78.18295	21.98252	348.89304	109.16716	0.5970301	37.97261	374.75632	38.08382	66.28881	124.86433	75.604416	99.30488	95.62711	82.5496	108.014145	0.5221019	255.59404	132.34677	56.281662	338.82367	83.60728	281.67795	349.95938	56.061596	197.93352	0.0	73.00588	82.489716	174.00592	129.09834	255.5249	85.37887	114.76962	3.5924206	100.01385	80.624054	233.22986	115.681885	128.37292	92.42803	269.54733	72.40598	346.9348	181.05396	16.564785	320.81415	192.75755	96.932556	52.852547	297.919	244.42929	222.79538	271.7733	273.85468	117.99855	96.75949	131.26616	289.40454	54.83763	74.95144	93.09039	263.55612	117.33319
G001805855	48.794003	84.11094	128.70381	101.2185	117.31559	135.52538	163.7334	131.37338	189.48125	152.66484	110.07511	116.66479	120.06682	68.90746	115.85655	176.5639	199.42085	24.900597	79.15789	198.28137	70.26069	156.1644	52.06273	78.3659	62.73825	32.841415	156.15746	120.22608	153.82431	74.40276	197.43462	117.44468	72.88649	27.876816	255.56516	127.32152	50.805355	156.57635	71.171455	34.77506	122.15021	147.43315	46.699196	73.05152	135.80939	86.159744	63.006214	185.54433	57.38758	162.04121	197.91452	62.863556	255.47574	73.00588	0.0	159.3762	75.280464	29.249027	119.81095	41.903873	41.13374	77.71789	56.748013	47.367764	118.01415	78.809135	173.20735	84.25558	151.5324	75.90334	196.25507	73.3819	71.32633	172.47778	103.80041	103.7083	107.85494	160.1751	111.748344	93.875114	134.38351	136.31447	48.88398	29.360756	172.99883	140.6298	59.202946	27.362352	86.27981	115.12605	95.42999
G001803975	159.63414	50.352318	353.4011	52.275074	50.71822	379.78226	377.25812	38.963963	443.48117	41.343483	71.413765	321.3514	202.85669	84.769844	198.48143	396.1891	434.71878	116.64843	144.48853	433.87683	77.363014	75.372475	63.269356	238.19446	69.4086	198.36203	43.387863	377.43338	2.4342027	42.659847	434.5886	73.02568	75.43894	147.33684	509.77258	39.059277	79.90726	42.41999	82.645996	165.41077	40.864956	82.604385	165.48756	82.18578	377.84546	149.67093	70.424736	430.12036	122.12763	406.5362	435.97412	68.6257	75.46989	82.489716	159.3762	0.0	243.57664	220.66753	377.44174	154.46387	168.1766	63.39935	118.71018	181.96028	320.0692	144.0865	38.058414	62.6715	367.78726	104.71981	430.5545	280.5531	88.01556	411.9109	244.12495	49.1902	27.814837	413.48712	364.44348	344.45694	390.711	377.0741	185.38591	172.86676	39.846386	380.02597	70.68601	120.73966	60.223804	383.04984	179.37668
G001804225	65.57933	137.69872	87.45133	132.2732	138.53886	93.27291	69.89463	176.87648	236.62085	184.72632	174.88824	93.16779	244.7922	94.3443	239.4103	77.23602	92.06291	56.37427	35.591434	91.51622	166.82008	215.67252	117.02652	1.3400426	140.77351	32.473515	187.10812	128.15303	238.50471	146.24422	92.112206	118.58579	172.9564	113.31252	304.88693	218.53897	113.233864	187.76387	98.744774	33.70627	167.4832	205.37431	60.31699	175.34073	105.24573	37.351105	141.46716	94.07011	101.53074	166.58124	92.49756	140.26521	288.0113	174.00592	75.280464	243.57664	0.0	43.993324	136.13835	120.08738	32.410824	173.982	47.86863	137.00089	94.09949	35.52114	212.54628	113.1537	103.80686	119.65382	90.07626	86.22236	171.66531	83.1085	85.04893	136.5785	184.4294	176.86203	116.25703	115.22492	112.166504	86.10613	62.777576	73.11782	209.07831	73.39616	134.51247	55.9749	115.47662	91.90592	206.57634
G001805565	53.587856	121.582855	94.2327	134.39864	145.14429	88.565414	105.03152	176.77483	172.73839	191.74971	166.3659	96.26406	193.08702	94.51176	188.27916	112.7192	134.64983	35.20419	68.72516	133.50313	123.07567	212.65575	92.56078	47.14138	106.026634	22.37322	194.58482	93.74284	215.90193	122.23732	132.79619	133.91217	129.33975	55.992245	240.72675	183.92953	89.58702	195.39864	97.166885	31.844387	165.11925	195.42522	53.688053	129.52676	95.09209	72.77323	106.24251	125.216965	83.07938	132.92546	133.24103	105.67347	298.6604	129.09834	29.249027	220.66753	43.993324	0.0	95.53207	72.37255	28.279049	134.82553	53.509357	88.28408	97.67598	68.62073	219.62408	114.21774	113.973465	115.73794	132.37653	67.30558	125.26922	113.91084	89.00014	138.2927	155.67793	130.66231	88.54045	78.57519	99.17332	82.507996	55.968597	38.296925	214.5556	92.0012	100.91157	28.835762	117.01053	81.003624	155.22368
G001603075	104.53179	261.86993	58.187412	264.38892	294.65134	47.64391	101.1313	304.97873	72.98771	334.70618	240.26126	79.28479	218.75056	180.82661	216.6775	111.60571	115.000984	164.44614	217.83272	113.92191	267.76553	320.5558	213.16873	144.5099	222.43845	115.712105	338.0363	11.150826	370.53275	265.53363	109.9453	262.34702	257.00006	144.12035	143.91905	344.02795	198.4628	341.42966	189.7063	150.98239	299.62933	373.89832	95.47503	256.16165	50.71424	219.36987	223.28865	94.549774	145.58475	53.49848	109.67168	222.90866	507.5736	255.5249	119.81095	377.44174	136.13835	95.53207	0.0	140.3172	152.32535	265.6572	200.12358	139.53656	80.99849	217.41508	369.7199	237.38084	74.547516	186.49294	113.078705	35.80813	269.38882	83.64652	113.64188	267.32028	297.76172	37.561504	21.662155	11.1261015	52.599884	62.707535	80.28008	90.397354	361.17325	65.71343	216.71263	159.82327	238.44437	49.750378	216.19273
G001805805	67.02391	83.58222	168.11458	124.48619	146.08691	181.87863	207.37817	144.01985	204.10373	174.58537	92.31716	162.99098	132.29857	86.34724	127.84006	228.98822	252.44186	71.54662	128.93428	250.97577	84.381714	176.1641	36.65514	122.864075	31.038942	67.52097	178.89359	149.9194	146.62013	82.06263	248.3792	142.99391	84.371994	48.93256	273.444	143.03076	27.921835	179.07849	85.894	87.13019	131.79115	180.33487	64.23992	85.18395	168.27376	134.03151	31.099989	241.93112	70.40747	182.11327	248.79279	31.413214	278.3733	85.37887	41.903873	154.46387	120.08738	72.37255	140.3172	0.0	77.86522	88.42254	93.42688	66.37974	163.86852	128.7322	187.97113	111.19234	178.57872	84.45043	248.68939	90.63575	87.1936	208.52942	149.1788	126.16203	106.360344	174.03162	134.88594	119.56777	173.9785	163.07301	68.5076	58.905342	191.03368	182.95311	29.348738	64.50931	110.32265	172.41527	31.764063
G001872105	61.316345	89.55953	139.21187	103.750336	106.580574	130.15994	133.06738	143.16283	227.14197	148.4648	146.85803	137.162	208.26758	81.97569	203.14651	139.02309	164.04678	26.853006	33.83948	163.08273	100.46181	189.53677	68.03559	32.949924	81.43695	12.261555	151.05727	147.98569	165.28946	91.09616	162.85483	101.87141	113.21099	67.813286	287.1753	144.93349	66.70076	150.79004	81.66969	19.615137	131.27124	154.62866	66.49369	115.70127	133.10872	41.3638	81.82334	159.83249	85.638504	178.85664	163.36855	81.060265	210.86174	114.76962	41.13374	168.1766	32.410824	28.279049	152.32535	77.86522	0.0	114.32546	11.909054	106.10912	138.0982	33.636063	170.54042	89.39601	148.40648	107.885475	161.59732	106.92154	104.40693	143.66518	115.77463	106.754654	115.51424	181.61249	135.88121	132.5083	139.7821	117.356	73.66095	55.380424	168.73123	128.88754	77.42471	22.44006	91.752884	125.20326	153.26178
G001805575	102.09221	52.345688	255.33481	80.2207	86.08344	275.7044	300.77966	80.0093	334.08298	99.06925	80.489204	235.9439	144.36433	66.695305	139.71864	314.26004	351.44342	74.86396	109.7895	350.14157	13.274617	107.3209	48.419056	173.63979	50.5794	123.50854	101.81286	262.47476	59.59736	14.054474	349.63632	94.28719	2.7308333	45.476624	387.33755	26.68295	59.788445	101.4615	67.629326	100.16696	75.672	67.57261	107.34404	3.9520094	264.2705	124.449295	50.939896	340.50888	80.87187	290.78464	350.733	50.502655	171.06746	3.5924206	77.71789	63.39935	173.982	134.82553	265.6572	88.42254	114.32546	0.0	94.20998	85.5673	235.48601	109.90354	102.93069	77.12286	272.94608	67.58193	347.27957	186.93079	15.810102	322.7187	190.10011	79.13103	44.17719	306.71594	252.712	232.37457	278.16025	280.66846	118.23194	98.97321	107.03022	292.51303	49.724422	72.71805	77.63684	270.80927	119.60077
G001874025	68.791504	66.16939	171.08867	71.2867	68.87421	169.38368	160.22939	103.69235	277.05038	102.607956	124.260994	159.94218	213.13887	65.22742	207.91028	166.69067	195.3727	24.18237	21.114952	194.56424	84.57617	150.18335	56.240273	46.002117	70.97343	32.448574	104.679665	195.47363	117.35972	66.884544	195.05766	67.832436	96.98533	79.46697	339.72342	106.17127	58.83164	103.670815	64.27775	26.87932	92.644165	115.96565	74.09687	100.72189	174.8092	27.11238	71.45015	194.78085	84.20831	227.09984	195.83995	70.272934	146.12427	100.01385	56.748013	118.71018	47.86863	53.509357	200.12358	93.42688	11.909054	94.20998	0.0	121.85018	160.26385	20.893366	119.11541	62.71425	179.18953	96.28123	192.72893	138.62373	90.55403	179.56929	125.45604	73.24546	85.68382	231.51434	181.23885	175.85579	186.18645	156.67322	86.55531	70.40561	118.679695	162.84793	67.68744	21.72889	64.25203	168.60703	165.59259
G001302825	75.38188	112.23344	155.08084	139.15926	162.95782	169.82188	218.24544	157.28209	202.81195	189.26363	113.57146	133.85558	82.9877	97.01928	80.39242	234.60796	253.23695	81.93358	136.53337	252.05165	81.7904	173.66293	80.677635	141.77316	93.064064	83.45311	192.40422	135.07828	175.61514	96.44026	249.94312	164.12944	81.35571	43.999805	266.13855	146.20811	81.79531	193.63078	103.632034	80.22055	150.7967	160.7741	76.060646	81.400894	156.11359	153.13246	92.91942	231.39003	87.068436	168.26709	250.2939	93.31462	308.74905	80.624054	47.367764	181.96028	137.00089	88.28408	139.53656	66.37974	106.10912	85.5673	121.85018	0.0	134.74187	136.21022	202.29979	119.83031	168.6234	87.95404	249.60864	92.06002	82.23007	225.3599	135.89496	139.98343	141.97345	182.83252	126.07843	109.861755	158.69345	185.5972	68.0676	58.000763	209.43779	186.38399	88.95225	81.71011	124.122345	148.70067	100.77891
G000092105	69.785416	220.12808	23.39797	193.55435	218.85498	63.740017	47.538567	229.92131	204.00475	255.69531	194.65694	0.26018175	203.9108	120.59813	201.18056	70.43441	70.30148	131.69276	146.73347	69.997856	246.98062	236.81729	190.08333	97.6354	216.28004	109.943954	258.14767	77.0584	314.84863	224.14143	70.5104	179.70384	233.58073	148.94524	288.87045	307.71915	186.48045	262.06042	132.92805	111.325485	229.21872	311.26346	61.74114	234.56064	83.03415	148.14423	217.74484	62.242474	108.60327	142.54515	70.88911	216.41667	429.64417	233.22986	118.01415	320.0692	94.09949	97.67598	80.99849	163.86852	138.0982	235.48601	160.26385	134.74187	0.0	146.07715	288.1415	165.43793	48.123123	125.675095	68.19854	35.244656	251.63498	71.91604	30.179844	196.92603	264.7151	147.40872	78.08542	55.58471	95.42073	85.7546	46.536182	90.66346	283.94604	34.017204	209.74504	131.05281	169.91211	80.41477	253.84662
G001804205	72.60715	83.57491	156.51933	76.310936	72.52331	170.14856	141.23447	107.71797	309.1456	106.50854	141.05205	146.13898	241.59607	63.90238	235.9261	150.70111	177.46281	36.894176	0.10359538	176.8574	107.408295	151.45876	85.23948	32.673805	105.399506	49.856434	108.31142	209.28777	141.98734	82.60203	178.3473	59.00975	113.26313	101.654854	372.91858	127.42829	88.21298	107.698395	64.8467	27.308746	101.29458	119.555466	73.91807	116.782	177.93988	10.6614685	106.12967	180.71956	93.180405	245.95576	179.26999	104.478836	172.55887	115.681885	78.809135	144.0865	35.52114	68.62073	217.41508	128.7322	33.636063	109.90354	20.893366	136.21022	146.07715	0.0	125.208496	66.46204	173.35912	91.22203	174.80382	143.25217	114.18613	173.72191	113.68865	78.69517	111.88813	255.88518	194.68933	189.18227	194.50595	161.15851	86.53473	86.398125	123.72654	152.7869	100.94772	36.47631	68.715515	165.61404	209.33995
G001723765	156.63655	57.501213	325.67505	21.108274	22.0905	353.10828	334.35397	10.678626	443.14142	6.7361116	58.166718	288.91272	208.7084	69.824615	203.662	346.72183	380.64642	106.9215	125.78714	380.1237	114.089134	38.105446	87.18948	206.1881	109.09467	204.39017	6.870645	364.71683	38.977913	65.88681	382.43863	49.36529	119.73472	184.70293	514.49713	70.84131	101.459045	6.2594175	72.98764	161.233	14.216339	78.10178	149.0943	128.46542	363.99036	118.53664	110.63205	381.7037	120.35256	393.08752	383.77402	107.78139	66.92901	128.37292	173.20735	38.058414	212.54628	219.62408	369.7199	187.97113	170.54042	102.93069	119.11541	202.29979	288.1415	125.208496	0.0	31.338646	344.47272	114.09627	376.74002	267.28217	127.88921	366.78802	206.62535	18.960049	73.76007	407.69327	353.96814	335.72144	366.2564	359.55072	168.01118	165.8576	7.027591	341.29358	109.05324	124.035065	29.80276	356.15137	228.37373
G000949635	72.11377	37.390335	194.00665	3.751078	10.369972	222.0356	207.77003	17.185694	324.3371	19.337399	40.976078	165.52893	140.82588	27.340433	135.98013	222.7352	249.40154	45.57614	67.17212	248.85963	84.73099	37.586018	46.68713	109.44095	74.95365	107.93818	20.51079	233.922	61.514885	45.78747	250.64594	30.458767	86.76108	103.03564	402.96738	76.3085	60.95392	20.702627	31.016415	73.81163	11.105475	81.74483	65.587944	92.64534	238.48784	61.339428	76.29675	247.22124	56.371185	272.57715	251.71492	73.87145	118.55273	92.42803	84.25558	62.6715	113.1537	114.21774	237.38084	111.19234	89.39601	77.12286	62.71425	119.83031	165.43793	66.46204	31.338646	0.0	220.36389	61.00141	245.9286	148.66583	94.44129	235.76418	104.857574	4.513983	64.85777	285.2782	225.64822	203.9159	239.55267	230.69255	76.573395	78.67876	29.762232	208.03896	72.80301	56.72286	1.9356629	221.40129	165.78545
G000025185	94.916534	266.3429	43.39568	246.43721	270.0744	45.074474	53.543964	291.47983	180.29189	309.03293	236.35397	48.607933	265.55103	162.41167	262.3915	59.005222	60.37781	171.07924	173.7941	59.900932	284.015	298.94287	226.3328	108.4204	238.75189	118.7426	311.6313	66.28535	361.33704	258.21994	58.152004	223.187	269.66922	172.50633	245.27386	346.53674	210.68684	314.72937	172.4341	144.23633	285.8821	358.87723	97.18892	271.47	39.80047	177.94237	240.46225	52.76745	153.89067	117.051735	58.2929	238.68549	476.03098	269.54733	151.5324	367.78726	103.80686	113.973465	74.547516	178.57872	148.40648	272.94608	179.18953	168.6234	48.123123	173.35912	344.47272	220.36389	0.0	171.18282	59.009315	57.08027	288.77762	50.794044	93.18105	248.28432	296.36752	118.18964	65.785194	64.5939	82.09233	50.8021	79.79698	118.66131	336.60324	39.831844	231.94992	162.32915	222.08864	89.06327	268.63083
G001997385	44.73827	62.213917	144.39626	71.32506	81.68486	188.91537	184.88503	76.60615	282.59198	99.346245	61.296436	126.81338	143.20255	26.495573	138.7801	211.96501	237.34302	78.010956	91.677864	236.59117	86.745056	96.95376	58.73632	118.64963	73.295746	100.77925	102.53241	187.5119	101.21589	60.571636	236.24033	58.195183	70.40955	72.86102	338.78687	110.58439	72.09524	103.61967	27.70456	80.26352	77.70328	137.49953	41.545902	73.46165	191.55423	94.33291	74.51284	230.8089	27.36806	226.72606	237.28293	73.04115	216.51114	72.40598	75.90334	104.71981	119.65382	115.73794	186.49294	84.45043	107.885475	67.58193	96.28123	87.95404	125.675095	91.22203	114.09627	61.00141	171.18282	0.0	233.50533	98.90129	93.47451	217.74924	92.32312	70.98715	78.55222	242.05919	182.93552	151.72299	215.79645	200.18172	48.110622	71.724365	111.79448	183.86453	70.5897	75.76841	61.94131	191.28552	131.28021
G000330745	134.72432	312.09882	47.96926	272.97092	291.67688	39.53218	16.543692	325.6977	240.58179	335.80258	292.2015	67.46658	345.6832	199.17935	341.4946	8.885452	0.090287484	187.64986	175.18803	0.09610802	353.05917	339.15097	280.29926	92.35411	305.6759	146.8046	337.99197	98.95878	425.86542	319.65256	0.38975972	245.52419	346.84933	246.5345	314.9183	409.72415	265.26147	341.43094	211.87535	160.88835	323.25858	402.6452	127.24788	349.05893	79.88886	170.01175	307.13376	3.8401606	195.76616	160.10542	0.45291492	305.48758	503.2745	346.9348	196.25507	430.5545	90.07626	132.37653	113.078705	248.68939	161.59732	347.27957	192.72893	249.60864	68.19854	174.80382	376.74002	245.9286	59.009315	233.50533	0.0	90.30966	359.80075	11.013828	99.86392	277.71292	359.51102	163.9392	103.18262	103.536415	82.6256	57.330246	110.434044	157.77194	365.60748	21.457481	297.56506	187.13345	247.94046	81.724205	356.3804
G001303465	43.837563	177.5695	35.29382	174.4086	202.24028	51.084747	68.18192	206.26448	143.33105	237.75902	149.9618	34.442593	161.7645	95.304184	158.8709	85.66348	92.995186	106.82792	143.67058	92.098274	196.43036	219.14992	135.4233	91.634254	149.70183	78.11042	241.27255	38.422806	273.8295	180.4042	90.35166	169.38622	181.70543	98.08444	213.1623	262.02478	128.41377	244.28421	104.17506	95.092255	203.18034	285.85773	31.450962	181.94843	60.953102	145.78952	151.05179	82.158516	71.33539	94.54052	90.55844	150.24043	409.53198	181.05396	73.3819	280.5531	86.22236	67.30558	35.80813	90.63575	106.92154	186.93079	138.62373	92.06002	35.244656	143.25217	267.28217	148.66583	57.08027	98.90129	90.30966	0.0	199.97227	72.53377	55.044563	177.2763	214.50063	94.915436	45.477974	18.779053	74.82532	62.918533	19.063673	52.576252	263.2754	46.156914	144.65767	104.30142	151.21043	61.547104	161.15622
G001804445	118.233894	58.62548	266.32626	99.59006	104.31112	281.9874	313.84744	103.32647	322.51602	124.48496	109.04282	251.37723	151.33234	87.15173	146.6909	327.15005	363.74048	68.07295	113.9507	362.23502	1.4921162	136.65182	52.083252	172.48227	58.57586	113.62334	127.60001	264.1491	83.490814	24.78322	361.31985	119.4966	15.89696	45.466736	375.7806	39.388184	66.17767	126.494576	88.088844	92.37838	97.254166	73.251976	119.97632	16.726288	270.28384	125.33914	58.404015	350.34818	97.4658	283.90497	362.12604	58.333714	183.8688	16.564785	71.32633	88.01556	171.66531	125.26922	269.38882	87.1936	104.40693	15.810102	90.55403	82.23007	251.63498	114.18613	127.88921	94.44129	288.77762	93.47451	359.80075	199.97227	0.0	331.098	205.34325	99.523125	63.429623	300.51953	250.94597	237.91139	273.17743	286.94702	133.00436	98.03354	133.47346	301.7185	56.971394	68.68595	95.81966	264.2035	120.13302
G000346505	121.022095	288.12772	44.65848	261.4181	282.03793	32.182915	21.657482	313.09674	196.33131	326.67966	270.97678	70.7511	319.66724	187.12308	315.57446	16.96798	11.350515	171.99507	174.09825	11.103057	325.49448	330.86203	253.39612	86.01679	272.9556	127.35137	329.21362	74.46731	406.2183	297.3022	10.0594225	239.5815	320.71152	218.09497	267.50092	385.9869	235.47688	332.2531	197.43718	151.24706	309.20523	385.95303	111.94277	322.60727	62.69296	166.10912	274.3303	12.130419	176.5156	123.30515	10.026575	272.92377	492.59744	320.81415	172.47778	411.9109	83.1085	113.91084	83.64652	208.52942	143.66518	322.7187	179.56929	225.3599	71.91604	173.72191	366.78802	235.76418	50.794044	217.74924	11.013828	72.53377	331.098	0.0	101.34584	266.31232	335.1861	124.95204	75.269394	80.73745	64.62384	43.500206	97.65677	134.9733	355.24918	19.728092	265.55066	171.23871	236.44641	69.16589	310.89703
G000181475	58.498222	156.59984	42.427883	126.62332	143.59802	90.48167	66.51623	154.39996	229.71397	175.60205	145.23676	29.707125	185.24574	79.78955	182.01839	92.56928	102.217606	95.56727	114.345894	102.0338	199.0627	173.25832	144.7932	85.63711	179.87541	101.58533	177.68422	112.56867	241.11354	173.09407	103.17679	117.47362	191.34514	128.44058	314.66754	240.13861	153.75148	181.01514	89.12125	88.195625	157.31073	246.94249	46.2371	193.62988	122.40773	103.92182	181.41815	96.04909	71.49538	168.6285	103.81529	179.59224	345.4261	192.75755	103.80041	244.12495	85.04893	89.00014	113.64188	149.1788	115.77463	190.10011	125.45604	135.89496	30.179844	113.68865	206.62535	104.857574	93.18105	92.32312	99.86392	55.044563	205.34325	101.34584	0.0	130.05092	201.00493	177.73515	114.138054	88.11135	127.53267	110.68831	41.38584	70.01202	197.3711	60.730705	173.99028	101.69795	108.1519	108.99817	240.20229
G001828645	88.61278	38.89114	225.90445	1.0891255	7.5532017	252.05478	238.38254	11.196804	350.0321	8.67662	40.00521	197.17221	155.80591	33.287342	150.96242	252.25798	281.317	58.7817	79.393486	280.75787	88.83987	34.780876	52.880634	132.24951	78.25983	129.63321	9.538183	264.183	48.439663	46.114803	282.52774	28.59374	90.48493	119.43724	424.8429	67.83061	66.25533	9.644078	35.780636	95.06518	8.555056	79.27018	84.118866	97.06574	265.17444	73.16124	79.69227	279.71997	68.31272	298.12375	283.646	77.068184	102.63439	96.932556	103.7083	49.1902	136.5785	138.2927	267.32028	126.16203	106.754654	79.13103	73.24546	139.98343	196.92603	78.69517	18.960049	4.513983	248.28432	70.98715	277.71292	177.2763	99.523125	266.31232	130.05092	0.0	58.30006	311.34872	255.28151	235.39844	269.4668	258.9995	97.709724	97.37912	15.752916	239.57465	76.69285	71.2874	2.468967	254.41248	176.96523
G001872775	106.03416	46.36993	282.304	60.51867	57.339386	298.00125	307.0234	57.980705	371.8437	65.2709	73.94219	265.63962	191.65025	62.630573	187.10312	323.0309	363.42834	87.69116	112.04487	362.31757	56.166348	100.28875	42.895126	181.54947	44.717766	136.63629	68.310814	299.2491	26.928196	28.90821	362.4596	64.45633	48.420296	92.079895	430.07718	43.00649	57.632267	67.70263	58.10561	114.947296	60.359978	109.33099	118.594185	52.406708	292.94632	118.74565	45.887104	357.45587	78.87669	325.46848	363.60284	44.728523	121.7128	52.852547	107.85494	27.814837	184.4294	155.67793	297.76172	106.360344	115.51424	44.17719	85.68382	141.97345	264.7151	111.88813	73.76007	64.85777	296.36752	78.55222	359.51102	214.50063	63.429623	335.1861	201.00493	58.30006	0.0	335.66132	290.08374	269.58307	315.28232	293.45712	136.16888	120.19514	66.72102	307.53775	45.55406	84.142166	62.301792	304.09055	136.9814
G001956985	155.80196	297.40405	116.792755	308.53372	337.54376	91.18892	152.82542	348.34525	18.409529	374.43433	288.71686	144.75197	268.92133	232.91718	266.8406	159.56497	165.63145	200.25957	256.36346	164.49506	298.9938	369.24313	252.9584	184.65775	257.9261	147.4152	377.60712	42.062477	406.7816	303.32864	158.99908	308.72205	298.0428	185.9684	101.575676	380.36053	234.66487	380.5171	239.41885	191.58455	345.04623	406.21674	148.9454	298.21634	84.42487	257.32916	258.68155	143.36906	198.66283	60.08927	158.69522	258.33936	531.3042	297.919	160.1751	413.48712	176.86203	130.66231	37.561504	174.03162	181.61249	306.71594	231.51434	182.83252	147.40872	255.88518	407.69327	285.2782	118.18964	242.05919	163.9392	94.915436	300.51953	124.95204	177.73515	311.34872	335.66132	0.0	30.779694	62.34368	61.92814	92.21881	138.14871	131.57779	399.3962	114.92853	252.68893	197.80629	284.24933	81.49039	251.28485
G000242455	103.59468	248.38753	59.820953	252.39659	282.27908	54.327976	97.06931	295.04422	61.85306	321.25418	234.73477	75.78594	203.16615	177.72986	201.12946	105.67116	104.99276	148.64162	195.16496	104.06046	249.64386	308.64423	202.9505	123.652405	215.21626	102.47967	324.64136	19.37794	357.4719	250.59935	100.59548	254.67244	245.09186	139.95662	156.09055	329.7434	187.95778	327.45068	187.77687	133.96806	288.0629	345.55173	98.12272	245.13751	55.073166	198.55557	215.96056	84.07968	151.4965	56.980053	100.35514	215.59625	482.76727	244.42929	111.748344	364.44348	116.25703	88.54045	21.662155	134.88594	135.88121	252.712	181.23885	126.07843	78.08542	194.68933	353.96814	225.64822	65.785194	182.93552	103.18262	45.477974	250.94597	75.269394	114.138054	255.28151	290.08374	30.779694	0.0	23.52552	28.88897	68.21005	81.59915	91.02661	348.07816	60.780426	209.10214	146.36339	227.19751	47.91172	212.89326
G001824685	79.87874	232.75708	45.93655	232.13531	263.20633	45.92914	90.70994	271.70242	99.21488	303.1257	206.85654	54.02282	179.67105	151.07451	177.49483	103.81893	105.79166	137.71812	189.73737	104.761856	236.48805	282.3493	183.69998	123.22519	196.2521	95.72489	306.53104	14.967803	337.527	231.81673	101.87293	234.29922	224.35013	119.256065	169.27126	313.89984	172.95006	309.86462	162.10223	123.33425	264.96378	338.43933	72.18589	223.64645	51.770046	193.73651	197.12843	85.65843	118.81731	64.51245	101.622894	196.76958	476.73386	222.79538	93.875114	344.45694	115.22492	78.57519	11.1261015	119.56777	132.5083	232.37457	175.85579	109.861755	55.58471	189.18227	335.72144	203.9159	64.5939	151.72299	103.536415	18.779053	237.91139	80.73745	88.11135	235.39844	269.58307	62.34368	23.52552	0.0	52.474525	67.79796	54.714428	73.41477	330.31113	56.007996	190.47272	133.80171	206.29944	49.198555	192.27187
G000186345	122.69868	276.19083	73.86975	265.78836	293.93967	46.61012	93.1615	312.05353	99.25317	331.7737	257.8562	92.91642	234.84352	198.08589	231.8519	86.367615	83.76885	157.26186	195.01031	82.92457	271.58875	322.79092	232.01564	119.42974	248.7508	114.41027	334.4972	39.71406	384.12076	269.96002	80.89107	270.64575	272.49106	168.62602	178.07753	351.46323	216.66594	337.52203	211.6078	142.84685	306.68475	358.7763	124.32847	273.2372	57.174294	200.75974	249.10266	64.13675	177.68903	66.79338	80.5814	248.86569	491.5127	271.7733	134.38351	390.711	112.166504	99.17332	52.599884	173.9785	139.7821	278.16025	186.18645	158.69345	95.42073	194.50595	366.2564	239.55267	82.09233	215.79645	82.6256	74.82532	273.17743	64.62384	127.53267	269.4668	315.28232	61.92814	28.88897	52.474525	0.0	74.08622	103.32003	105.584045	359.82657	64.27844	241.32626	159.22519	241.26523	50.329582	257.38632
G000153105	99.57251	264.4193	57.589912	255.55363	273.10297	32.552902	47.453156	303.27576	157.75787	320.55347	261.4204	84.8452	305.7162	175.80106	301.73032	46.629505	58.432384	153.38974	161.16032	57.704277	282.42816	329.46707	219.71082	90.16781	224.63153	96.695564	323.6493	61.456966	371.63553	264.8669	54.770233	227.54	274.51895	164.0557	215.11887	348.15167	197.68324	326.0364	180.92589	131.02687	298.70547	364.35107	98.84019	275.40115	33.469097	162.92786	225.57867	55.461174	154.06061	113.099335	54.88377	224.32008	476.24075	273.85468	136.31447	377.0741	86.10613	82.507996	62.707535	163.07301	117.356	280.66846	156.67322	185.5972	85.7546	161.15851	359.55072	230.69255	50.8021	200.18172	57.330246	62.918533	286.94702	43.500206	110.68831	258.9995	293.45712	92.21881	68.21005	67.79796	74.08622	0.0	91.14546	104.02965	347.36148	39.08569	218.11076	145.01074	231.17743	68.95382	259.3712
G001304275	16.989262	103.70626	55.10584	95.75921	115.49997	76.68536	81.51888	119.97669	185.13234	143.99371	83.538	46.4088	131.8256	35.440628	128.10837	98.03594	113.43344	61.98782	86.93951	112.65228	127.784	135.24588	77.16183	65.30163	96.7089	58.494453	146.86	78.47545	179.82086	105.2398	112.17802	90.075935	117.099144	68.19958	252.51848	174.50975	79.15904	149.05788	42.189503	56.89339	117.81361	194.9934	5.685395	118.924805	89.25086	87.03925	98.01363	106.94955	29.993082	127.70104	112.77508	96.83142	295.8116	117.99855	48.88398	185.38591	62.777576	55.968597	80.28008	68.5076	73.66095	118.23194	86.55531	68.0676	46.536182	86.53473	168.01118	76.573395	79.79698	48.110622	110.434044	19.063673	133.00436	97.65677	41.38584	97.709724	136.16888	138.14871	81.59915	54.714428	103.32003	91.14546	0.0	29.618145	164.447	71.016754	92.395355	62.532913	78.73843	85.312996	132.00594
G001303695	24.920494	91.90761	95.72444	95.592125	110.27322	92.84484	129.7111	122.97546	162.74002	141.99178	97.326164	89.801186	127.90446	51.234795	123.79563	136.84673	160.67664	42.94914	86.604706	159.62474	94.9656	144.77594	68.22913	75.91543	85.01962	47.140255	144.58846	89.237404	167.63821	92.43957	158.77084	97.83038	95.85	40.30489	218.40929	144.7633	70.812706	145.68643	54.72098	47.272583	117.48652	173.82216	26.350145	96.684235	98.84504	85.935844	85.60767	148.04791	38.83815	123.53266	159.1447	84.895226	273.99902	96.75949	29.360756	172.86676	73.11782	38.296925	90.397354	58.905342	55.380424	98.97321	70.40561	58.000763	90.66346	86.398125	165.8576	78.67876	118.66131	71.724365	157.77194	52.576252	98.03354	134.9733	70.01202	97.37912	120.19514	131.57779	91.02661	73.41477	105.584045	104.02965	29.618145	0.0	160.90277	111.47901	80.93554	43.150356	80.759544	91.22723	121.73542
G001830285	148.00266	60.70561	314.35403	17.90655	17.09333	339.95877	322.75623	12.772114	437.3042	2.9229856	60.968	284.71085	217.54396	65.01407	212.71344	334.65106	369.38147	106.8975	124.28115	368.88455	119.86658	41.26071	91.47212	202.66809	113.89333	203.21346	3.0661814	356.90262	41.068882	69.41149	370.94702	40.047657	122.673004	182.58061	508.27573	72.48725	106.0981	2.8898957	66.45144	159.56778	17.470984	91.96271	144.41481	131.15695	353.3578	114.235886	115.46869	369.9231	112.86385	385.10977	372.29092	112.40945	82.68668	131.26616	172.99883	39.846386	209.07831	214.5556	361.17325	191.03368	168.73123	107.03022	118.679695	209.43779	283.94604	123.72654	7.027591	29.762232	336.60324	111.79448	365.60748	263.2754	133.47346	355.24918	197.3711	15.752916	66.72102	399.3962	348.07816	330.31113	359.82657	347.36148	164.447	160.90277	0.0	330.53696	113.543045	123.96336	26.22374	347.65546	236.6506
G000255655	94.729576	263.495	20.780655	234.90523	257.55026	32.808964	15.360078	283.50018	181.50322	301.8913	244.63995	32.878254	276.07224	161.18336	272.87866	25.447739	22.568806	147.86209	153.24596	22.32029	296.51288	301.48856	223.95058	77.480446	245.85678	105.27978	304.6034	62.28293	374.33432	271.54123	21.535585	214.08089	289.57388	185.35628	267.06473	361.27954	209.25912	308.09387	171.5602	122.95697	281.93576	364.8678	85.340096	290.94708	55.571373	147.97177	247.21643	19.605064	148.43141	119.112595	21.607178	245.94057	478.24704	289.40454	140.6298	380.02597	73.39616	92.0012	65.71343	182.95311	128.88754	292.51303	162.84793	186.38399	34.017204	152.7869	341.29358	208.03896	39.831844	183.86453	21.457481	46.156914	301.7185	19.728092	60.730705	239.57465	307.53775	114.92853	60.780426	56.007996	64.27844	39.08569	71.016754	111.47901	330.53696	0.0	238.49626	149.03265	209.32117	58.05112	283.35568
G001805365	78.44907	43.536865	223.52473	76.77186	87.12492	237.07037	250.4849	82.43202	285.64075	103.82272	60.45882	209.92365	149.00034	63.764286	144.03113	270.06552	301.54813	60.351643	101.01784	300.2718	51.031734	123.47102	12.173152	134.39313	0.39572498	84.98811	107.58843	221.26682	65.43395	34.561005	298.90982	92.24015	51.7951	60.847176	344.35104	76.675964	7.6341624	107.075806	61.776737	88.03769	74.54129	117.55556	80.454796	54.61353	222.33772	107.2819	0.38700202	296.09564	65.74606	251.10922	299.6393	0.34239718	172.47346	54.83763	59.202946	70.68601	134.51247	100.91157	216.71263	29.348738	77.42471	49.724422	67.68744	88.95225	209.74504	100.94772	109.05324	72.80301	231.94992	70.5897	297.56506	144.65767	56.971394	265.55066	173.99028	76.69285	45.55406	252.68893	209.10214	190.47272	241.32626	218.11076	92.395355	80.93554	113.543045	238.49626	0.0	56.53258	71.043106	234.6627	47.34251
G001805375	50.991405	57.102978	142.95415	69.18598	74.23664	147.2371	155.2498	97.62222	237.4792	106.564896	109.35164	130.51305	166.81891	54.97244	161.47667	163.14738	189.98473	10.657825	36.706333	188.97725	64.62122	135.60109	46.341515	55.638695	59.923393	33.16074	108.89401	157.76161	118.21253	57.379417	189.35156	75.28338	73.32096	46.278343	305.05222	95.06979	49.904808	108.821335	56.590782	24.239468	87.48695	110.045616	53.540363	75.69121	156.0892	42.353367	60.273445	183.71329	62.981102	194.06027	190.04398	59.28308	178.43582	74.95144	27.362352	120.73966	55.9749	28.835762	159.82327	64.50931	22.44006	72.71805	21.72889	81.71011	131.05281	36.47631	124.035065	56.72286	162.32915	75.76841	187.13345	104.30142	68.68595	171.23871	101.69795	71.2874	84.142166	197.80629	146.36339	133.80171	159.22519	145.01074	62.532913	43.150356	123.96336	149.03265	56.53258	0.0	59.634624	139.9791	134.94345
G001828635	72.82052	38.061275	196.63318	1.9707854	10.156904	223.8766	209.44136	16.1913	323.74124	16.744932	38.69737	169.94165	143.15123	27.260988	138.35033	224.25917	251.4156	47.575394	69.426865	250.8447	86.05976	38.681866	46.812653	111.746086	73.13538	110.19169	17.852852	235.68863	58.79332	45.85395	252.45944	29.054823	87.29626	105.09554	400.6377	74.83487	59.215206	18.167368	30.316183	78.52473	11.894676	84.28517	67.08208	93.15373	238.73782	62.99577	74.47921	249.37614	57.120575	272.08386	253.51892	72.05637	119.513275	93.09039	86.27981	60.223804	115.47662	117.01053	238.44437	110.32265	91.752884	77.63684	64.25203	124.122345	169.91211	68.715515	29.80276	1.9356629	222.08864	61.94131	247.94046	151.21043	95.81966	236.44641	108.1519	2.468967	62.301792	284.24933	227.19751	206.29944	241.26523	231.17743	78.73843	80.759544	26.22374	209.32117	71.043106	59.634624	0.0	224.66118	163.35014
G000255705	105.74281	250.04782	54.816334	249.92758	269.4992	44.873962	80.51601	297.11618	120.27733	319.22678	259.59137	78.154655	260.1893	175.54901	256.16464	79.36604	82.975395	140.02693	165.84935	81.94218	262.289	316.4521	219.65327	98.98439	241.75888	96.14214	321.9246	43.204098	376.9955	262.23242	80.162735	239.09377	264.69647	154.61823	190.58809	341.64813	211.27307	324.96518	183.20642	111.184715	292.74057	340.53494	95.86763	264.9208	57.77201	164.33737	242.42513	68.300186	152.41003	77.47717	79.88482	241.94092	476.8948	263.55612	115.12605	383.04984	91.90592	81.003624	49.750378	172.41527	125.20326	270.80927	168.60703	148.70067	80.41477	165.61404	356.15137	221.40129	89.06327	191.28552	81.724205	61.547104	264.2035	69.16589	108.99817	254.41248	304.09055	81.49039	47.91172	49.198555	50.329582	68.95382	85.312996	91.22723	347.65546	58.05112	234.6627	139.9791	224.66118	0.0	263.84503
G001873045	129.70189	124.27832	262.82837	176.46758	202.1278	275.9922	314.5324	184.82681	273.25604	222.36711	108.13952	253.58656	147.05836	144.2934	142.954	337.74304	360.79514	138.25975	209.47603	359.36462	116.948395	212.9764	62.46784	210.48808	47.166668	139.58525	227.75212	226.43526	169.66331	114.872795	356.41534	210.15955	115.985	102.79638	334.81793	180.42537	49.69476	227.60832	145.26253	163.00728	170.15395	231.01048	130.63857	116.73787	251.07971	217.2503	46.732872	349.62012	118.684494	252.56331	356.722	47.913177	321.2129	117.33319	95.42999	179.37668	206.57634	155.22368	216.19273	31.764063	153.26178	119.60077	165.59259	100.77891	253.84662	209.33995	228.37373	165.78545	268.63083	131.28021	356.3804	161.15622	120.13302	310.89703	240.20229	176.96523	136.9814	251.28485	212.89326	192.27187	257.38632	259.3712	132.00594	121.73542	236.6506	283.35568	47.34251	134.94345	163.35014	263.84503	0.0
